{
    "System Info": {
        "Firmware Version": "2024.01",
        "SoC Family": "Not Specified",
        "System Name": "Unknown Product",
        "Vendor": "Unknown",
        "Summary Generated On": "2025-10-08 15:31:58",
        "ACS version": "ACS v25.10_3.1.0",
        "SRS version": "SRS 3.1",
        "BSA version": "BSA v1.1",
        "PFDI version": "PFDI 1.0 BET0",
        "BBR version": "BBR v2.1",
        "EBBR version": "EBBR v2.2.0",
        "BBSR version": "BBSR v1.3",
        "Band": "SystemReady Devicetree band",
        "Device Tree Version": "v0.4",
        "FW source code": "Unknown",
        "Flashing instructions": "Unknown",
        "product website": "Unknown",
        "Tested operated Systems": "Unknown",
        "Testlab assistance": "Unknown",
        "UEFI Version": "UEFI v2.100 (Das U-Boot, 0x20240100)"
    },
    "ACS Results Summary": {
        "Band": "SystemReady Devicetree band",
        "Date": "2025-10-08 15:31:58"
    }
}