{
    "test_results": [
        {
            "Test_suite": "Capsule Update",
            "Test_suite_description": "Tests for automatic capsule update",
            "Test_case": "capsule_update",
            "Test_case_description": "Capsule Update",
            "subtests": [
                {
                    "sub_Test_Number": "1",
                    "sub_Test_Description": "Testing signed_capsule.bin OD update",
                    "sub_test_result": {
                        "PASSED": 0,
                        "FAILED": 1,
                        "FAILED_WITH_WAIVER": 0,
                        "ABORTED": 0,
                        "SKIPPED": 0,
                        "WARNINGS": 0,
                        "fail_reasons": [
                            [
                                "signed_capsule.bin not present"
                            ]
                        ],
                        "waiver_reason": ""
                    }
                }
            ],
            "test_suite_summary": {
                "total_passed": 0,
                "total_failed": 1,
                "total_skipped": 0,
                "total_aborted": 0,
                "total_warnings": 0,
                "total_failed_with_waivers": 0
            }
        }
    ],
    "suite_summary": {
        "total_passed": 0,
        "total_failed": 1,
        "total_skipped": 0,
        "total_aborted": 0,
        "total_warnings": 0,
        "total_failed_with_waivers": 0
    }
}