{
    "test_results": [
        {
            "Test_suite": "dt_base",
            "Test_suite_description": "Base device tree validity check",
            "subtests": [
                {
                    "sub_Test_Number": "1 of 3",
                    "sub_Test_Description": "Check device tree presence",
                    "sub_test_result": {
                        "PASSED": 1,
                        "FAILED": 0,
                        "ABORTED": 0,
                        "SKIPPED": 0,
                        "WARNINGS": 0,
                        "pass_reasons": [
                            "Test 1, Device tree present"
                        ]
                    }
                },
                {
                    "sub_Test_Number": "2 of 3",
                    "sub_Test_Description": "Check device tree baseline validity",
                    "sub_test_result": {
                        "PASSED": 1,
                        "FAILED": 0,
                        "ABORTED": 0,
                        "SKIPPED": 0,
                        "WARNINGS": 0,
                        "pass_reasons": [
                            "Test 2, Device tree data valid"
                        ]
                    }
                },
                {
                    "sub_Test_Number": "3 of 3",
                    "sub_Test_Description": "Check device tree warnings",
                    "sub_test_result": {
                        "PASSED": 0,
                        "FAILED": 0,
                        "ABORTED": 0,
                        "SKIPPED": 0,
                        "WARNINGS": 1,
                        "warning_reasons": [
                            "Test 3, Some warnings from dtc. Run command \"dtc -I fs -O dts -o my.dts /sys/firmware/devicetree/base\" for further review: /dev/null: Warning (gpios_property): /__symbols__:gpio: property size (19) is invalid, expected multiple of 4"
                        ]
                    }
                }
            ],
            "test_suite_summary": {
                "total_passed": 2,
                "total_failed": 0,
                "total_failed_with_waiver": 0,
                "total_aborted": 0,
                "total_skipped": 0,
                "total_warnings": 1
            }
        },
        {
            "Test_suite": "esrt",
            "Test_suite_description": "Sanity check UEFI ESRT Table.",
            "subtests": [
                {
                    "sub_Test_Number": "1 of 2",
                    "sub_Test_Description": "Sanity check UEFI ESRT Table.",
                    "sub_test_result": {
                        "PASSED": 1,
                        "FAILED": 0,
                        "ABORTED": 0,
                        "SKIPPED": 0,
                        "WARNINGS": 0,
                        "pass_reasons": [
                            "Test 1, No issues found in ESRT table."
                        ]
                    }
                },
                {
                    "sub_Test_Number": "2 of 2",
                    "sub_Test_Description": "Validity of fw_class in UEFI ESRT Table for EBBR.",
                    "sub_test_result": {
                        "PASSED": 1,
                        "FAILED": 0,
                        "ABORTED": 0,
                        "SKIPPED": 0,
                        "WARNINGS": 0,
                        "pass_reasons": [
                            "Test 2, The fw_class in the ESRT are not default u-boot guids 1"
                        ]
                    }
                }
            ],
            "test_suite_summary": {
                "total_passed": 2,
                "total_failed": 0,
                "total_failed_with_waiver": 0,
                "total_aborted": 0,
                "total_skipped": 0,
                "total_warnings": 0
            }
        },
        {
            "Test_suite": "uefibootpath",
            "Test_suite_description": "Sanity check for UEFI Boot Path Boot####.",
            "subtests": [
                {
                    "sub_Test_Number": "1 of 1",
                    "sub_Test_Description": "Test UEFI Boot Path Boot####.",
                    "sub_test_result": {
                        "PASSED": 0,
                        "FAILED": 0,
                        "ABORTED": 0,
                        "SKIPPED": 0,
                        "WARNINGS": 0
                    }
                }
            ],
            "test_suite_summary": {
                "total_passed": 0,
                "total_failed": 0,
                "total_failed_with_waiver": 0,
                "total_aborted": 0,
                "total_skipped": 0,
                "total_warnings": 0
            }
        },
        {
            "Test_suite": "uefivarinfo",
            "Test_suite_description": "UEFI variable info query.",
            "subtests": [
                {
                    "sub_Test_Number": "1 of 1",
                    "sub_Test_Description": "UEFI variable info query.",
                    "sub_test_result": {
                        "PASSED": 0,
                        "FAILED": 0,
                        "ABORTED": 0,
                        "SKIPPED": 1,
                        "WARNINGS": 0,
                        "skip_reasons": [
                            "Test 1, QueryVariableInfo UEFI runtime interface not supported: cannot test."
                        ]
                    }
                }
            ],
            "test_suite_summary": {
                "total_passed": 0,
                "total_failed": 0,
                "total_failed_with_waiver": 0,
                "total_aborted": 0,
                "total_skipped": 1,
                "total_warnings": 0
            }
        },
        {
            "Test_suite": "uefirtmisc",
            "Test_suite_description": "UEFI miscellaneous runtime service interface tests.",
            "subtests": [
                {
                    "sub_Test_Number": "1 of 4",
                    "sub_Test_Description": "Test for UEFI miscellaneous runtime service interfaces.",
                    "sub_test_result": {
                        "PASSED": 0,
                        "FAILED": 0,
                        "ABORTED": 0,
                        "SKIPPED": 6,
                        "WARNINGS": 0,
                        "skip_reasons": [
                            "Test 1, Skipping test, GetNextHighMonotonicCount runtime service is not supported on this platform. Testing UEFI runtime service QueryCapsuleCapabilities interface.",
                            "Test 1, Skipping test, QueryCapsuleCapabilities runtime service is not supported on this platform.",
                            "Test 1, Skipping test, QueryCapsuleCapabilities runtime service is not supported on this platform.",
                            "Test 1, Skipping test, QueryCapsuleCapabilities runtime service is not supported on this platform.",
                            "Test 1, Skipping test, QueryCapsuleCapabilities runtime service is not supported on this platform.",
                            "Test 1, Skipping test, QueryCapsuleCapabilities runtime service is not supported on this platform."
                        ]
                    }
                },
                {
                    "sub_Test_Number": "2 of 4",
                    "sub_Test_Description": "Stress test for UEFI miscellaneous runtime service interfaces.",
                    "sub_test_result": {
                        "PASSED": 0,
                        "FAILED": 0,
                        "ABORTED": 0,
                        "SKIPPED": 1,
                        "WARNINGS": 0,
                        "skip_reasons": [
                            "Test 2, Skipping test, GetNextHighMonotonicCount runtime service is not supported on this platform."
                        ]
                    }
                },
                {
                    "sub_Test_Number": "3 of 4",
                    "sub_Test_Description": "Test GetNextHighMonotonicCount with invalid NULL parameter.",
                    "sub_test_result": {
                        "PASSED": 0,
                        "FAILED": 0,
                        "ABORTED": 0,
                        "SKIPPED": 1,
                        "WARNINGS": 0,
                        "skip_reasons": [
                            "Test 3, Skipping test, GetNextHighMonotonicCount runtime service is not supported on this platform."
                        ]
                    }
                },
                {
                    "sub_Test_Number": "4 of 4",
                    "sub_Test_Description": "Test UEFI miscellaneous runtime services unsupported status.",
                    "sub_test_result": {
                        "PASSED": 1,
                        "FAILED": 0,
                        "ABORTED": 0,
                        "SKIPPED": 0,
                        "WARNINGS": 0,
                        "pass_reasons": [
                            "Test 4, UEFI GetNextHighMonotonicCount runtime service unsupported status test passed."
                        ]
                    }
                }
            ],
            "test_suite_summary": {
                "total_passed": 1,
                "total_failed": 0,
                "total_failed_with_waiver": 0,
                "total_aborted": 0,
                "total_skipped": 8,
                "total_warnings": 0
            }
        },
        {
            "Test_suite": "uefirtvariable",
            "Test_suite_description": "UEFI Runtime service variable interface tests.",
            "subtests": [
                {
                    "sub_Test_Number": "1 of 9",
                    "sub_Test_Description": "Test UEFI RT service get variable interface.",
                    "sub_test_result": {
                        "PASSED": 0,
                        "FAILED": 0,
                        "ABORTED": 0,
                        "SKIPPED": 1,
                        "WARNINGS": 0,
                        "skip_reasons": [
                            "Test 1, Skipping test, SetVariable runtime service is not supported on this platform."
                        ]
                    }
                },
                {
                    "sub_Test_Number": "2 of 9",
                    "sub_Test_Description": "Test UEFI RT service get next variable name interface.",
                    "sub_test_result": {
                        "PASSED": 0,
                        "FAILED": 0,
                        "ABORTED": 0,
                        "SKIPPED": 1,
                        "WARNINGS": 0,
                        "skip_reasons": [
                            "Test 2, Skipping test, SetVariable runtime service is not supported on this platform."
                        ]
                    }
                },
                {
                    "sub_Test_Number": "3 of 9",
                    "sub_Test_Description": "Test UEFI RT service set variable interface.",
                    "sub_test_result": {
                        "PASSED": 0,
                        "FAILED": 0,
                        "ABORTED": 0,
                        "SKIPPED": 1,
                        "WARNINGS": 0,
                        "skip_reasons": [
                            "Test 3, Skipping test, SetVariable runtime service is not supported on this platform."
                        ]
                    }
                },
                {
                    "sub_Test_Number": "4 of 9",
                    "sub_Test_Description": "Test UEFI RT service query variable info interface.",
                    "sub_test_result": {
                        "PASSED": 0,
                        "FAILED": 0,
                        "ABORTED": 0,
                        "SKIPPED": 1,
                        "WARNINGS": 0,
                        "skip_reasons": [
                            "Test 4, Skipping test, QueryVariableInfo runtime service is not supported on this platform."
                        ]
                    }
                },
                {
                    "sub_Test_Number": "5 of 9",
                    "sub_Test_Description": "Test UEFI RT service variable interface stress test.",
                    "sub_test_result": {
                        "PASSED": 0,
                        "FAILED": 0,
                        "ABORTED": 0,
                        "SKIPPED": 1,
                        "WARNINGS": 0,
                        "skip_reasons": [
                            "Test 5, Skipping test, SetVariable runtime service is not supported on this platform."
                        ]
                    }
                },
                {
                    "sub_Test_Number": "6 of 9",
                    "sub_Test_Description": "Test UEFI RT service set variable interface stress test.",
                    "sub_test_result": {
                        "PASSED": 0,
                        "FAILED": 0,
                        "ABORTED": 0,
                        "SKIPPED": 1,
                        "WARNINGS": 0,
                        "skip_reasons": [
                            "Test 6, Skipping test, SetVariable runtime service is not supported on this platform."
                        ]
                    }
                },
                {
                    "sub_Test_Number": "7 of 9",
                    "sub_Test_Description": "Test UEFI RT service query variable info interface stress test.",
                    "sub_test_result": {
                        "PASSED": 0,
                        "FAILED": 0,
                        "ABORTED": 0,
                        "SKIPPED": 1,
                        "WARNINGS": 0,
                        "skip_reasons": [
                            "Test 7, Skipping test, QueryVariableInfo runtime service is not supported on this platform."
                        ]
                    }
                },
                {
                    "sub_Test_Number": "8 of 9",
                    "sub_Test_Description": "Test UEFI RT service get variable interface, invalid parameters.",
                    "sub_test_result": {
                        "PASSED": 0,
                        "FAILED": 0,
                        "ABORTED": 0,
                        "SKIPPED": 1,
                        "WARNINGS": 0,
                        "skip_reasons": [
                            "Test 8, Skipping test, SetVariable runtime service is not supported on this platform."
                        ]
                    }
                },
                {
                    "sub_Test_Number": "9 of 9",
                    "sub_Test_Description": "Test UEFI RT variable services unsupported status.",
                    "sub_test_result": {
                        "PASSED": 2,
                        "FAILED": 0,
                        "ABORTED": 0,
                        "SKIPPED": 2,
                        "WARNINGS": 0,
                        "pass_reasons": [
                            "Test 9, UEFI SetVariable runtime service unsupported status test passed.",
                            "Test 9, UEFI QueryVarInfo runtime service unsupported status test passed."
                        ],
                        "skip_reasons": [
                            "Test 9, GetVariable runtime service supported, skip test.",
                            "Test 9, GetNextVarName runtime service supported, skip test."
                        ]
                    }
                }
            ],
            "test_suite_summary": {
                "total_passed": 2,
                "total_failed": 0,
                "total_failed_with_waiver": 0,
                "total_aborted": 0,
                "total_skipped": 10,
                "total_warnings": 0
            }
        },
        {
            "Test_suite": "uefirttime",
            "Test_suite_description": "UEFI Runtime service time interface tests.",
            "subtests": [
                {
                    "sub_Test_Number": "1 of 36",
                    "sub_Test_Description": "Test UEFI RT service get time interface.",
                    "sub_test_result": {
                        "PASSED": 0,
                        "FAILED": 0,
                        "ABORTED": 0,
                        "SKIPPED": 1,
                        "WARNINGS": 0,
                        "skip_reasons": [
                            "Test 1, Skipping test, GetTime runtime service is not supported on this platform."
                        ]
                    }
                },
                {
                    "sub_Test_Number": "2 of 36",
                    "sub_Test_Description": "Test UEFI RT service get time interface, NULL time parameter.",
                    "sub_test_result": {
                        "PASSED": 0,
                        "FAILED": 0,
                        "ABORTED": 0,
                        "SKIPPED": 1,
                        "WARNINGS": 0,
                        "skip_reasons": [
                            "Test 2, Skipping test, GetTime runtime service is not supported on this platform."
                        ]
                    }
                },
                {
                    "sub_Test_Number": "3 of 36",
                    "sub_Test_Description": "Test UEFI RT service get time interface, NULL time and NULL",
                    "sub_test_result": {
                        "PASSED": 0,
                        "FAILED": 0,
                        "ABORTED": 0,
                        "SKIPPED": 1,
                        "WARNINGS": 0,
                        "skip_reasons": [
                            "Test 3, Skipping test, GetTime runtime service is not supported on this platform."
                        ]
                    }
                },
                {
                    "sub_Test_Number": "4 of 36",
                    "sub_Test_Description": "Test UEFI RT service set time interface.",
                    "sub_test_result": {
                        "PASSED": 0,
                        "FAILED": 0,
                        "ABORTED": 0,
                        "SKIPPED": 1,
                        "WARNINGS": 0,
                        "skip_reasons": [
                            "Test 4, Skipping test, GetTime runtime service is not supported on this platform."
                        ]
                    }
                },
                {
                    "sub_Test_Number": "5 of 36",
                    "sub_Test_Description": "Test UEFI RT service set time interface, invalid year 1899.",
                    "sub_test_result": {
                        "PASSED": 0,
                        "FAILED": 0,
                        "ABORTED": 0,
                        "SKIPPED": 1,
                        "WARNINGS": 0,
                        "skip_reasons": [
                            "Test 5, Skipping test, GetTime runtime service is not supported on this platform."
                        ]
                    }
                },
                {
                    "sub_Test_Number": "6 of 36",
                    "sub_Test_Description": "Test UEFI RT service set time interface, invalid year 10000.",
                    "sub_test_result": {
                        "PASSED": 0,
                        "FAILED": 0,
                        "ABORTED": 0,
                        "SKIPPED": 1,
                        "WARNINGS": 0,
                        "skip_reasons": [
                            "Test 6, Skipping test, GetTime runtime service is not supported on this platform."
                        ]
                    }
                },
                {
                    "sub_Test_Number": "7 of 36",
                    "sub_Test_Description": "Test UEFI RT service set time interface, invalid month 0.",
                    "sub_test_result": {
                        "PASSED": 0,
                        "FAILED": 0,
                        "ABORTED": 0,
                        "SKIPPED": 1,
                        "WARNINGS": 0,
                        "skip_reasons": [
                            "Test 7, Skipping test, GetTime runtime service is not supported on this platform."
                        ]
                    }
                },
                {
                    "sub_Test_Number": "8 of 36",
                    "sub_Test_Description": "Test UEFI RT service set time interface, invalid month 13.",
                    "sub_test_result": {
                        "PASSED": 0,
                        "FAILED": 0,
                        "ABORTED": 0,
                        "SKIPPED": 1,
                        "WARNINGS": 0,
                        "skip_reasons": [
                            "Test 8, Skipping test, GetTime runtime service is not supported on this platform."
                        ]
                    }
                },
                {
                    "sub_Test_Number": "9 of 36",
                    "sub_Test_Description": "Test UEFI RT service set time interface, invalid day 0.",
                    "sub_test_result": {
                        "PASSED": 0,
                        "FAILED": 0,
                        "ABORTED": 0,
                        "SKIPPED": 1,
                        "WARNINGS": 0,
                        "skip_reasons": [
                            "Test 9, Skipping test, GetTime runtime service is not supported on this platform."
                        ]
                    }
                },
                {
                    "sub_Test_Number": "10 of 36",
                    "sub_Test_Description": "Test UEFI RT service set time interface, invalid day 32.",
                    "sub_test_result": {
                        "PASSED": 0,
                        "FAILED": 0,
                        "ABORTED": 0,
                        "SKIPPED": 1,
                        "WARNINGS": 0,
                        "skip_reasons": [
                            "Test 10, Skipping test, GetTime runtime service is not supported on this platform."
                        ]
                    }
                },
                {
                    "sub_Test_Number": "11 of 36",
                    "sub_Test_Description": "Test UEFI RT service set time interface, invalid hour 24.",
                    "sub_test_result": {
                        "PASSED": 0,
                        "FAILED": 0,
                        "ABORTED": 0,
                        "SKIPPED": 1,
                        "WARNINGS": 0,
                        "skip_reasons": [
                            "Test 11, Skipping test, GetTime runtime service is not supported on this platform."
                        ]
                    }
                },
                {
                    "sub_Test_Number": "12 of 36",
                    "sub_Test_Description": "Test UEFI RT service set time interface, invalid minute 60.",
                    "sub_test_result": {
                        "PASSED": 0,
                        "FAILED": 0,
                        "ABORTED": 0,
                        "SKIPPED": 1,
                        "WARNINGS": 0,
                        "skip_reasons": [
                            "Test 12, Skipping test, GetTime runtime service is not supported on this platform."
                        ]
                    }
                },
                {
                    "sub_Test_Number": "13 of 36",
                    "sub_Test_Description": "Test UEFI RT service set time interface, invalid second 60.",
                    "sub_test_result": {
                        "PASSED": 0,
                        "FAILED": 0,
                        "ABORTED": 0,
                        "SKIPPED": 1,
                        "WARNINGS": 0,
                        "skip_reasons": [
                            "Test 13, Skipping test, GetTime runtime service is not supported on this platform."
                        ]
                    }
                },
                {
                    "sub_Test_Number": "14 of 36",
                    "sub_Test_Description": "Test UEFI RT service set time interface, invalid nanosecond",
                    "sub_test_result": {
                        "PASSED": 0,
                        "FAILED": 0,
                        "ABORTED": 0,
                        "SKIPPED": 1,
                        "WARNINGS": 0,
                        "skip_reasons": [
                            "Test 14, Skipping test, GetTime runtime service is not supported on this platform."
                        ]
                    }
                },
                {
                    "sub_Test_Number": "15 of 36",
                    "sub_Test_Description": "Test UEFI RT service set time interface, invalid timezone -1441.",
                    "sub_test_result": {
                        "PASSED": 0,
                        "FAILED": 0,
                        "ABORTED": 0,
                        "SKIPPED": 1,
                        "WARNINGS": 0,
                        "skip_reasons": [
                            "Test 15, Skipping test, GetTime runtime service is not supported on this platform."
                        ]
                    }
                },
                {
                    "sub_Test_Number": "16 of 36",
                    "sub_Test_Description": "Test UEFI RT service set time interface, invalid timezone 1441.",
                    "sub_test_result": {
                        "PASSED": 0,
                        "FAILED": 0,
                        "ABORTED": 0,
                        "SKIPPED": 1,
                        "WARNINGS": 0,
                        "skip_reasons": [
                            "Test 16, Skipping test, GetTime runtime service is not supported on this platform."
                        ]
                    }
                },
                {
                    "sub_Test_Number": "17 of 36",
                    "sub_Test_Description": "Test UEFI RT service get wakeup time interface.",
                    "sub_test_result": {
                        "PASSED": 0,
                        "FAILED": 0,
                        "ABORTED": 0,
                        "SKIPPED": 1,
                        "WARNINGS": 0,
                        "skip_reasons": [
                            "Test 17, Skipping test, GetWakeupTime runtime service is not supported on this platform."
                        ]
                    }
                },
                {
                    "sub_Test_Number": "18 of 36",
                    "sub_Test_Description": "Test UEFI RT service get wakeup time interface, NULL enabled",
                    "sub_test_result": {
                        "PASSED": 0,
                        "FAILED": 0,
                        "ABORTED": 0,
                        "SKIPPED": 1,
                        "WARNINGS": 0,
                        "skip_reasons": [
                            "Test 18, Skipping test, GetWakeupTime runtime service is not supported on this platform."
                        ]
                    }
                },
                {
                    "sub_Test_Number": "19 of 36",
                    "sub_Test_Description": "Test UEFI RT service get wakeup time interface, NULL pending",
                    "sub_test_result": {
                        "PASSED": 0,
                        "FAILED": 0,
                        "ABORTED": 0,
                        "SKIPPED": 1,
                        "WARNINGS": 0,
                        "skip_reasons": [
                            "Test 19, Skipping test, GetWakeupTime runtime service is not supported on this platform."
                        ]
                    }
                },
                {
                    "sub_Test_Number": "20 of 36",
                    "sub_Test_Description": "Test UEFI RT service get wakeup time interface, NULL time",
                    "sub_test_result": {
                        "PASSED": 0,
                        "FAILED": 0,
                        "ABORTED": 0,
                        "SKIPPED": 1,
                        "WARNINGS": 0,
                        "skip_reasons": [
                            "Test 20, Skipping test, GetWakeupTime runtime service is not supported on this platform."
                        ]
                    }
                },
                {
                    "sub_Test_Number": "21 of 36",
                    "sub_Test_Description": "Test UEFI RT service get wakeup time interface, NULL enabled,",
                    "sub_test_result": {
                        "PASSED": 0,
                        "FAILED": 0,
                        "ABORTED": 0,
                        "SKIPPED": 1,
                        "WARNINGS": 0,
                        "skip_reasons": [
                            "Test 21, Skipping test, GetWakeupTime runtime service is not supported on this platform."
                        ]
                    }
                },
                {
                    "sub_Test_Number": "22 of 36",
                    "sub_Test_Description": "Test UEFI RT service set wakeup time interface.",
                    "sub_test_result": {
                        "PASSED": 0,
                        "FAILED": 0,
                        "ABORTED": 0,
                        "SKIPPED": 1,
                        "WARNINGS": 0,
                        "skip_reasons": [
                            "Test 22, Skipping test, GetTime runtime service is not supported on this platform."
                        ]
                    }
                },
                {
                    "sub_Test_Number": "23 of 36",
                    "sub_Test_Description": "Test UEFI RT service set wakeup time interface, NULL time",
                    "sub_test_result": {
                        "PASSED": 0,
                        "FAILED": 0,
                        "ABORTED": 0,
                        "SKIPPED": 1,
                        "WARNINGS": 0,
                        "skip_reasons": [
                            "Test 23, Skipping test, SetWakeupTime runtime service is not supported on this platform."
                        ]
                    }
                },
                {
                    "sub_Test_Number": "24 of 36",
                    "sub_Test_Description": "Test UEFI RT service set wakeup time interface, invalid year",
                    "sub_test_result": {
                        "PASSED": 0,
                        "FAILED": 0,
                        "ABORTED": 0,
                        "SKIPPED": 1,
                        "WARNINGS": 0,
                        "skip_reasons": [
                            "Test 24, Skipping test, GetWakeupTime runtime service is not supported on this platform."
                        ]
                    }
                },
                {
                    "sub_Test_Number": "25 of 36",
                    "sub_Test_Description": "Test UEFI RT service set wakeup time interface, invalid year",
                    "sub_test_result": {
                        "PASSED": 0,
                        "FAILED": 0,
                        "ABORTED": 0,
                        "SKIPPED": 1,
                        "WARNINGS": 0,
                        "skip_reasons": [
                            "Test 25, Skipping test, GetWakeupTime runtime service is not supported on this platform."
                        ]
                    }
                },
                {
                    "sub_Test_Number": "26 of 36",
                    "sub_Test_Description": "Test UEFI RT service set wakeup time interface, invalid month 0.",
                    "sub_test_result": {
                        "PASSED": 0,
                        "FAILED": 0,
                        "ABORTED": 0,
                        "SKIPPED": 1,
                        "WARNINGS": 0,
                        "skip_reasons": [
                            "Test 26, Skipping test, GetWakeupTime runtime service is not supported on this platform."
                        ]
                    }
                },
                {
                    "sub_Test_Number": "27 of 36",
                    "sub_Test_Description": "Test UEFI RT service set wakeup time interface, invalid month 13.",
                    "sub_test_result": {
                        "PASSED": 0,
                        "FAILED": 0,
                        "ABORTED": 0,
                        "SKIPPED": 1,
                        "WARNINGS": 0,
                        "skip_reasons": [
                            "Test 27, Skipping test, GetWakeupTime runtime service is not supported on this platform."
                        ]
                    }
                },
                {
                    "sub_Test_Number": "28 of 36",
                    "sub_Test_Description": "Test UEFI RT service set wakeup time interface, invalid day 0.",
                    "sub_test_result": {
                        "PASSED": 0,
                        "FAILED": 0,
                        "ABORTED": 0,
                        "SKIPPED": 1,
                        "WARNINGS": 0,
                        "skip_reasons": [
                            "Test 28, Skipping test, GetWakeupTime runtime service is not supported on this platform."
                        ]
                    }
                },
                {
                    "sub_Test_Number": "29 of 36",
                    "sub_Test_Description": "Test UEFI RT service set wakeup time interface, invalid day 32.",
                    "sub_test_result": {
                        "PASSED": 0,
                        "FAILED": 0,
                        "ABORTED": 0,
                        "SKIPPED": 1,
                        "WARNINGS": 0,
                        "skip_reasons": [
                            "Test 29, Skipping test, GetWakeupTime runtime service is not supported on this platform."
                        ]
                    }
                },
                {
                    "sub_Test_Number": "30 of 36",
                    "sub_Test_Description": "Test UEFI RT service set wakeup time interface, invalid hour 24.",
                    "sub_test_result": {
                        "PASSED": 0,
                        "FAILED": 0,
                        "ABORTED": 0,
                        "SKIPPED": 1,
                        "WARNINGS": 0,
                        "skip_reasons": [
                            "Test 30, Skipping test, GetWakeupTime runtime service is not supported on this platform."
                        ]
                    }
                },
                {
                    "sub_Test_Number": "31 of 36",
                    "sub_Test_Description": "Test UEFI RT service set wakeup time interface, invalid minute",
                    "sub_test_result": {
                        "PASSED": 0,
                        "FAILED": 0,
                        "ABORTED": 0,
                        "SKIPPED": 1,
                        "WARNINGS": 0,
                        "skip_reasons": [
                            "Test 31, Skipping test, GetWakeupTime runtime service is not supported on this platform."
                        ]
                    }
                },
                {
                    "sub_Test_Number": "32 of 36",
                    "sub_Test_Description": "Test UEFI RT service set wakeup time interface, invalid second",
                    "sub_test_result": {
                        "PASSED": 0,
                        "FAILED": 0,
                        "ABORTED": 0,
                        "SKIPPED": 1,
                        "WARNINGS": 0,
                        "skip_reasons": [
                            "Test 32, Skipping test, GetWakeupTime runtime service is not supported on this platform."
                        ]
                    }
                },
                {
                    "sub_Test_Number": "33 of 36",
                    "sub_Test_Description": "Test UEFI RT service set wakeup time interface, invalid",
                    "sub_test_result": {
                        "PASSED": 0,
                        "FAILED": 0,
                        "ABORTED": 0,
                        "SKIPPED": 1,
                        "WARNINGS": 0,
                        "skip_reasons": [
                            "Test 33, Skipping test, GetWakeupTime runtime service is not supported on this platform."
                        ]
                    }
                },
                {
                    "sub_Test_Number": "34 of 36",
                    "sub_Test_Description": "Test UEFI RT service set wakeup time interface, invalid timezone",
                    "sub_test_result": {
                        "PASSED": 0,
                        "FAILED": 0,
                        "ABORTED": 0,
                        "SKIPPED": 1,
                        "WARNINGS": 0,
                        "skip_reasons": [
                            "Test 34, Skipping test, GetWakeupTime runtime service is not supported on this platform."
                        ]
                    }
                },
                {
                    "sub_Test_Number": "35 of 36",
                    "sub_Test_Description": "Test UEFI RT service set wakeup time interface, invalid timezone",
                    "sub_test_result": {
                        "PASSED": 0,
                        "FAILED": 0,
                        "ABORTED": 0,
                        "SKIPPED": 1,
                        "WARNINGS": 0,
                        "skip_reasons": [
                            "Test 35, Skipping test, GetWakeupTime runtime service is not supported on this platform."
                        ]
                    }
                },
                {
                    "sub_Test_Number": "36 of 36",
                    "sub_Test_Description": "Test UEFI RT time services unsupported status.",
                    "sub_test_result": {
                        "PASSED": 4,
                        "FAILED": 0,
                        "ABORTED": 0,
                        "SKIPPED": 0,
                        "WARNINGS": 0,
                        "pass_reasons": [
                            "Test 36, UEFI GetTime runtime service unsupported status test passed.",
                            "Test 36, UEFI SetTime runtime service unsupported status test passed.",
                            "Test 36, UEFI SetWakeupTime runtime service unsupported status test passed.",
                            "Test 36, UEFI GetWakeupTime runtime service unsupported status test passed."
                        ]
                    }
                }
            ],
            "test_suite_summary": {
                "total_passed": 4,
                "total_failed": 0,
                "total_failed_with_waiver": 0,
                "total_aborted": 0,
                "total_skipped": 35,
                "total_warnings": 0
            }
        }
    ],
    "suite_summary": {
        "total_passed": 11,
        "total_failed": 0,
        "total_failed_with_waiver": 0,
        "total_aborted": 0,
        "total_skipped": 54,
        "total_warnings": 1
    }
}