{
    "test_results": [
        {
            "Test_suite": "post scripts checks",
            "Test_suite_description": "Post script checks from post-script.log",
            "subtests": [
                {
                    "sub_Test_Number": "1",
                    "sub_Test_Description": "WARNING identify_guid: GUID `de6066e8-0256-4fad-8238-e406e274c4cf' is known: \"U-Boot v2022.07 XILINX_BOOT_IMAGE_GUID ZynqMP\", in `/mnt/acs_results_template/acs_results/app_output/CapsuleApp_ESRT_table_info.log'",
                    "sub_test_result": {
                        "PASSED": 0,
                        "FAILED": 0,
                        "ABORTED": 0,
                        "SKIPPED": 0,
                        "WARNINGS": 1,
                        "warning_reasons": [
                            "N/A"
                        ]
                    }
                },
                {
                    "sub_Test_Number": "2",
                    "sub_Test_Description": "WARNING identify_guid: GUID `cf9ecfd4-938b-41c5-8551-1f883ab7dc18' is known: \"U-Boot v2022.07 XILINX_UBOOT_IMAGE_GUID ZynqMP\", in `/mnt/acs_results_template/acs_results/app_output/CapsuleApp_ESRT_table_info.log'",
                    "sub_test_result": {
                        "PASSED": 0,
                        "FAILED": 0,
                        "ABORTED": 0,
                        "SKIPPED": 0,
                        "WARNINGS": 1,
                        "warning_reasons": [
                            "N/A"
                        ]
                    }
                },
                {
                    "sub_Test_Number": "3",
                    "sub_Test_Description": "ERROR check_devicetree: 6 dt-parser error no schema with `/mnt/acs_results_template/acs_results/uefi/BsaDevTree.dtb.log'!",
                    "sub_test_result": {
                        "PASSED": 0,
                        "FAILED": 1,
                        "ABORTED": 0,
                        "SKIPPED": 0,
                        "WARNINGS": 0,
                        "fail_reasons": [
                            "N/A"
                        ]
                    }
                },
                {
                    "sub_Test_Number": "4",
                    "sub_Test_Description": "ERROR check_file_contains: Could not find `EFISystemPartition' in `/mnt/acs_results_template/acs_results/uefi_dump/dh.log'",
                    "sub_test_result": {
                        "PASSED": 0,
                        "FAILED": 1,
                        "ABORTED": 0,
                        "SKIPPED": 0,
                        "WARNINGS": 0,
                        "fail_reasons": [
                            "N/A"
                        ]
                    }
                },
                {
                    "sub_Test_Number": "5",
                    "sub_Test_Description": "ERROR check_dir: `/mnt/acs_results_template/os-logs/' has too few entrie(s): 0 < 3",
                    "sub_test_result": {
                        "PASSED": 0,
                        "FAILED": 1,
                        "ABORTED": 0,
                        "SKIPPED": 0,
                        "WARNINGS": 0,
                        "fail_reasons": [
                            "N/A"
                        ]
                    }
                },
                {
                    "sub_Test_Number": "6",
                    "sub_Test_Description": "ERROR check_min_occurences: Not enough occurrences of /os-logs/linux-* (0 < 3)",
                    "sub_test_result": {
                        "PASSED": 0,
                        "FAILED": 1,
                        "ABORTED": 0,
                        "SKIPPED": 0,
                        "WARNINGS": 0,
                        "fail_reasons": [
                            "N/A"
                        ]
                    }
                }
            ],
            "test_suite_summary": {
                "total_passed": 0,
                "total_failed": 4,
                "total_aborted": 0,
                "total_skipped": 0,
                "total_warnings": 2
            }
        }
    ],
    "suite_summary": {
        "total_passed": 0,
        "total_failed": 4,
        "total_failed_with_waiver": 0,
        "total_aborted": 0,
        "total_skipped": 0,
        "total_warnings": 2
    }
}