{
    "System Info": {
        "Firmware Version": "2022.04-01231-gef97bdf64bc",
        "SoC Family": "Not Specified",
        "System Name": "Unknown Product",
        "Vendor": "Unknown",
        "Summary Generated On": "2025-08-08 15:09:59",
        "ACS version": "ACS v25.04_3.0.1",
        "SRS version": "SRS 3.0",
        "BSA version": "BSA v1.1",
        "BBR version": "BBR v2.1",
        "EBBR version": "EBBR v2.2.0",
        "BBSR version": "BBSR v1.3",
        "Band": "SystemReady Devicetree band",
        "Device Tree Version": "v0.4",
        "FW source code": "Unknown",
        "Flashing instructions": "Unknown",
        "product website": "Unknown",
        "Tested operated Systems": "Unknown",
        "Testlab assistance": "Unknown",
        "UEFI Version": "UEFI v2.90 (Das U-Boot, 0x20220400)"
    },
    "ACS Results Summary": {
        "Band": "SystemReady Devicetree band",
        "Date": "2025-08-08 15:09:59"
    }
}