{
    "test_results": [
        {
            "Test_suite": "uefirtauthvar",
            "Test_suite_Description": "Authenticated variable tests.",
            "subtests": [
                {
                    "sub_Test_Number": "Test 1 of 1",
                    "sub_Test_Description": "Skipped test",
                    "sub_test_result": {
                        "PASSED": 0,
                        "FAILED": 0,
                        "ABORTED": 0,
                        "SKIPPED": 1,
                        "WARNINGS": 0,
                        "skip_reasons": [
                            "Test 1, Skipping test, SetVariable runtime service is not supported on"
                        ]
                    }
                }
            ],
            "test_suite_summary": {
                "total_passed": 0,
                "total_failed": 0,
                "total_failed_with_waiver": 0,
                "total_aborted": 0,
                "total_skipped": 1,
                "total_warnings": 0
            }
        },
        {
            "Test_suite": "tpm2",
            "Test_suite_Description": "TPM2 Trusted Platform Module 2 test.",
            "subtests": [
                {
                    "sub_Test_Number": "Test 1 of 1",
                    "sub_Test_Description": "Aborted test",
                    "sub_test_result": {
                        "PASSED": 0,
                        "FAILED": 0,
                        "ABORTED": 1,
                        "SKIPPED": 0,
                        "WARNINGS": 0,
                        "abort_reasons": [
                            "Aborted test, initialisation failed."
                        ]
                    }
                }
            ],
            "test_suite_summary": {
                "total_passed": 0,
                "total_failed": 0,
                "total_failed_with_waiver": 0,
                "total_aborted": 1,
                "total_skipped": 0,
                "total_warnings": 0
            }
        }
    ],
    "suite_summary": {
        "total_passed": 0,
        "total_failed": 0,
        "total_failed_with_waiver": 0,
        "total_aborted": 1,
        "total_skipped": 1,
        "total_warnings": 0
    }
}