{
    "test_results": [
        {
            "Test_suite": "post scripts checks",
            "Test_suite_Description": "Post script checks from post-script.log",
            "subtests": [
                {
                    "sub_Test_Number": "1",
                    "sub_Test_Description": "WARNING run_identify: Could not identify...",
                    "sub_test_result": {
                        "PASSED": 0,
                        "FAILED": 0,
                        "ABORTED": 0,
                        "SKIPPED": 0,
                        "WARNINGS": 1,
                        "warning_reasons": [
                            "N/A"
                        ]
                    }
                },
                {
                    "sub_Test_Number": "2",
                    "sub_Test_Description": "WARNING identify_guid: GUID `928b33bc-e58b-4247-9f1d-3bf1ee1cdaff' is known: \"NXP i.MX8M Plus EVK\", in `/mnt/acs_results_template/acs_results/app_output/CapsuleApp_ESRT_table_info.log'",
                    "sub_test_result": {
                        "PASSED": 0,
                        "FAILED": 0,
                        "ABORTED": 0,
                        "SKIPPED": 0,
                        "WARNINGS": 1,
                        "warning_reasons": [
                            "N/A"
                        ]
                    }
                },
                {
                    "sub_Test_Number": "3",
                    "sub_Test_Description": "ERROR check_dir: `/mnt/acs_results_template/acs_results/linux_dump/' has too many entrie(s): 20 > 18",
                    "sub_test_result": {
                        "PASSED": 0,
                        "FAILED": 1,
                        "ABORTED": 0,
                        "SKIPPED": 0,
                        "WARNINGS": 0,
                        "fail_reasons": [
                            "N/A"
                        ]
                    }
                },
                {
                    "sub_Test_Number": "4",
                    "sub_Test_Description": "ERROR get_linux_cache: compatibles failed",
                    "sub_test_result": {
                        "PASSED": 0,
                        "FAILED": 1,
                        "ABORTED": 0,
                        "SKIPPED": 0,
                        "WARNINGS": 0,
                        "fail_reasons": [
                            "N/A"
                        ]
                    }
                }
            ],
            "test_suite_summary": {
                "total_PASSED": 0,
                "total_FAILED": 2,
                "total_ABORTED": 0,
                "total_SKIPPED": 0,
                "total_WARNINGS": 2
            }
        }
    ],
    "suite_summary": {
        "total_passed": 0,
        "total_failed": 2,
        "total_failed_with_waiver": 0,
        "total_aborted": 0,
        "total_skipped": 0,
        "total_warnings": 2
    }
}