{
    "test_results": [
        {
            "Test_suite": "PE",
            "subtests": [
                {
                    "sub_Test_Number": "1",
                    "sub_Test_Description": "Check Arch symmetry across PE",
                    "sub_test_result": "PASSED"
                },
                {
                    "sub_Test_Number": "2",
                    "sub_Test_Description": "Check for number of PE",
                    "sub_test_result": "PASSED"
                },
                {
                    "sub_Test_Number": "3",
                    "sub_Test_Description": "Check for AdvSIMD and FP support",
                    "sub_test_result": "PASSED"
                },
                {
                    "sub_Test_Number": "4",
                    "sub_Test_Description": "Check PE 4KB Granule Support",
                    "sub_test_result": "PASSED"
                },
                {
                    "sub_Test_Number": "6",
                    "sub_Test_Description": "Check Cryptographic extensions",
                    "sub_test_result": "PASSED"
                },
                {
                    "sub_Test_Number": "7",
                    "sub_Test_Description": "Check Little Endian support",
                    "sub_test_result": "PASSED"
                },
                {
                    "sub_Test_Number": "8",
                    "sub_Test_Description": "Check EL1 and EL0 implementation",
                    "sub_test_result": "PASSED"
                },
                {
                    "sub_Test_Number": "9",
                    "sub_Test_Description": "Check for PMU and PMU counters",
                    "sub_test_result": "PASSED"
                },
                {
                    "sub_Test_Number": "10",
                    "sub_Test_Description": "Check PMU Overflow signal",
                    "sub_test_result": "PASSED"
                },
                {
                    "sub_Test_Number": "11",
                    "sub_Test_Description": "Check num of Breakpoints and type",
                    "sub_test_result": "PASSED"
                },
                {
                    "sub_Test_Number": "12",
                    "sub_Test_Description": "Check Synchronous Watchpoints",
                    "sub_test_result": "PASSED"
                },
                {
                    "sub_Test_Number": "13",
                    "sub_Test_Description": "Check CRC32 instruction support",
                    "sub_test_result": "PASSED"
                },
                {
                    "sub_Test_Number": "16",
                    "sub_Test_Description": "Check SVE2 for v9 PE",
                    "sub_test_result": "SKIPPED",
                    "RULES SKIPPED": "B_PE_14"
                }
            ],
            "test_suite_summary": {
                "total_passed": 12,
                "total_failed": 0,
                "total_aborted": 0,
                "total_skipped": 1,
                "total_warnings": 0,
                "total_failed_with_waiver": 0,
                "total_ignored": 0
            }
        },
        {
            "Test_suite": "Memory Map",
            "subtests": [
                {
                    "sub_Test_Number": "102",
                    "sub_Test_Description": "Mem Access Response in finite time",
                    "sub_test_result": "PASSED"
                },
                {
                    "sub_Test_Number": "103",
                    "sub_Test_Description": "PE must access all NS addr space",
                    "sub_test_result": "PASSED"
                },
                {
                    "sub_Test_Number": "104",
                    "sub_Test_Description": "Check Addressability",
                    "sub_test_result": "SKIPPED",
                    "RULES SKIPPED": "B_MEM_03"
                },
                {
                    "sub_Test_Number": "106",
                    "sub_Test_Description": "Check Addressability when SMMU's off",
                    "sub_test_result": "SKIPPED",
                    "RULES SKIPPED": "B_MEM_04"
                },
                {
                    "sub_Test_Number": "107",
                    "sub_Test_Description": "Check Addressability for non-DMA dev",
                    "sub_test_result": "SKIPPED",
                    "RULES SKIPPED": "B_MEM_06"
                }
            ],
            "test_suite_summary": {
                "total_passed": 2,
                "total_failed": 0,
                "total_aborted": 0,
                "total_skipped": 3,
                "total_warnings": 0,
                "total_failed_with_waiver": 0,
                "total_ignored": 0
            }
        },
        {
            "Test_suite": "GIC",
            "subtests": [
                {
                    "sub_Test_Number": "201",
                    "sub_Test_Description": "Check GIC version",
                    "sub_test_result": "PASSED"
                },
                {
                    "sub_Test_Number": "203",
                    "sub_Test_Description": "If PCIe, GICv3 then ITS, LPI",
                    "sub_test_result": "SKIPPED",
                    "RULES SKIPPED": "B_GIC_03"
                },
                {
                    "sub_Test_Number": "204",
                    "sub_Test_Description": "Check GICv3 Security States",
                    "sub_test_result": "PASSED"
                },
                {
                    "sub_Test_Number": "205",
                    "sub_Test_Description": "Non-secure SGIs are implemented",
                    "sub_test_result": "PASSED"
                },
                {
                    "sub_Test_Number": "206",
                    "sub_Test_Description": "Check EL1-Phy timer PPI assignment",
                    "sub_test_result": "PASSED"
                },
                {
                    "sub_Test_Number": "207",
                    "sub_Test_Description": "Check EL1-Virt timer PPI assignment",
                    "sub_test_result": "PASSED"
                }
            ],
            "test_suite_summary": {
                "total_passed": 5,
                "total_failed": 0,
                "total_aborted": 0,
                "total_skipped": 1,
                "total_warnings": 0,
                "total_failed_with_waiver": 0,
                "total_ignored": 0
            }
        },
        {
            "Test_suite": "Timer",
            "subtests": [
                {
                    "sub_Test_Number": "401",
                    "sub_Test_Description": "Check for Generic System Counter",
                    "sub_test_result": "PASSED"
                },
                {
                    "sub_Test_Number": "402",
                    "sub_Test_Description": "SYS Timer if PE Timer not ON",
                    "sub_test_result": "FAILED",
                    "RULES FAILED": "B_TIME_06"
                },
                {
                    "sub_Test_Number": "403",
                    "sub_Test_Description": "Memory mapped timer check",
                    "sub_test_result": "SKIPPED",
                    "RULES SKIPPED": "B_TIME_07"
                },
                {
                    "sub_Test_Number": "404",
                    "sub_Test_Description": "Generate Mem Mapped SYS Timer Intr",
                    "sub_test_result": "SKIPPED",
                    "RULES SKIPPED": "B_TIME_08"
                },
                {
                    "sub_Test_Number": "405",
                    "sub_Test_Description": "Restore PE timer on PE wake up",
                    "sub_test_result": "SKIPPED",
                    "RULES SKIPPED": "B_TIME_09"
                },
                {
                    "sub_Test_Number": "407",
                    "sub_Test_Description": "Check System Counter Frequency",
                    "sub_test_result": "FAILED",
                    "RULES FAILED": "B_TIME_02"
                }
            ],
            "test_suite_summary": {
                "total_passed": 1,
                "total_failed": 2,
                "total_aborted": 0,
                "total_skipped": 3,
                "total_warnings": 0,
                "total_failed_with_waiver": 0,
                "total_ignored": 0
            }
        },
        {
            "Test_suite": "Wakeup semantic",
            "subtests": [
                {
                    "sub_Test_Number": "501",
                    "sub_Test_Description": "Wake from EL1 PHY Timer Int",
                    "sub_test_result": "PASSED"
                },
                {
                    "sub_Test_Number": "502",
                    "sub_Test_Description": "Wake from EL1 VIR Timer Int",
                    "sub_test_result": "PASSED"
                },
                {
                    "sub_Test_Number": "503",
                    "sub_Test_Description": "Wake from EL2 PHY Timer Int",
                    "sub_test_result": "PASSED"
                },
                {
                    "sub_Test_Number": "504",
                    "sub_Test_Description": "Wake from Watchdog WS0 Int",
                    "sub_test_result": "SKIPPED",
                    "RULES SKIPPED": "B_WAK_01, B_WAK_02, B_WAK_03, B_WAK_04, B_WAK_05 B_WAK_06, B_WAK_07, B_WAK_10, B_WAK_11"
                },
                {
                    "sub_Test_Number": "505",
                    "sub_Test_Description": "Wake from System Timer Int",
                    "sub_test_result": "SKIPPED",
                    "RULES SKIPPED": "B_WAK_01, B_WAK_02, B_WAK_03, B_WAK_04, B_WAK_05 B_WAK_06, B_WAK_07, B_WAK_10, B_WAK_11"
                }
            ],
            "test_suite_summary": {
                "total_passed": 3,
                "total_failed": 0,
                "total_aborted": 0,
                "total_skipped": 2,
                "total_warnings": 0,
                "total_failed_with_waiver": 0,
                "total_ignored": 0
            }
        },
        {
            "Test_suite": "Peripheral",
            "subtests": [
                {
                    "sub_Test_Number": "601",
                    "sub_Test_Description": "USB CTRL Interface EHCI check",
                    "sub_test_result": "SKIPPED",
                    "RULES SKIPPED": "B_PER_01"
                },
                {
                    "sub_Test_Number": "602",
                    "sub_Test_Description": "Check SATA CTRL Interface",
                    "sub_test_result": "SKIPPED",
                    "RULES SKIPPED": "B_PER_03"
                },
                {
                    "sub_Test_Number": "603",
                    "sub_Test_Description": "Check UART type Arm Generic or 16550",
                    "sub_test_result": "SKIPPED",
                    "RULES SKIPPED": "B_PER_05"
                },
                {
                    "sub_Test_Number": "606",
                    "sub_Test_Description": "Check Arm GENERIC UART Interrupt",
                    "sub_test_result": "SKIPPED",
                    "RULES SKIPPED": "B_PER_06"
                },
                {
                    "sub_Test_Number": "608",
                    "sub_Test_Description": "USB CTRL Interface XHCI check",
                    "sub_test_result": "SKIPPED",
                    "RULES SKIPPED": "B_PER_02"
                },
                {
                    "sub_Test_Number": "604",
                    "sub_Test_Description": "Check Memory Attributes of DMA",
                    "sub_test_result": "SKIPPED",
                    "RULES SKIPPED": "B_PER_09"
                },
                {
                    "sub_Test_Number": "607",
                    "sub_Test_Description": "Memory Attribute of I/O coherent DMA",
                    "sub_test_result": "SKIPPED",
                    "RULES SKIPPED": "B_PER_10"
                }
            ],
            "test_suite_summary": {
                "total_passed": 0,
                "total_failed": 0,
                "total_aborted": 0,
                "total_skipped": 7,
                "total_warnings": 0,
                "total_failed_with_waiver": 0,
                "total_ignored": 0
            }
        }
    ],
    "suite_summary": {
        "total_passed": 23,
        "total_failed": 2,
        "total_aborted": 0,
        "total_skipped": 17,
        "total_warnings": 0,
        "total_failed_with_waiver": 0,
        "total_ignored": 0
    }
}