{
    "test_results": [
        {
            "Test_suite": "Capsule Update",
            "Test_suite_description": "Tests for automatic capsule update",
            "Test_case": "capsule_update",
            "Test_case_description": "Capsule Update",
            "subtests": [
                {
                    "sub_Test_Number": "1",
                    "sub_Test_Description": "Testing unauth.bin update",
                    "sub_test_result": {
                        "PASSED": 1,
                        "FAILED": 0,
                        "FAILED_WITH_WAIVER": 0,
                        "ABORTED": 0,
                        "SKIPPED": 0,
                        "WARNINGS": 0,
                        "pass_reasons": [
                            [
                                "CapsuleApp: creating capsule descriptors at 0xCC18B040",
                                "CapsuleApp: capsule data starts          at 0xCBF1C040 with size 0x22B49C",
                                "CapsuleApp: capsule block/size              0xCBF1C040/0x22B49C",
                                "CapsuleApp: failed to update capsule - Security Violation"
                            ]
                        ],
                        "waiver_reason": ""
                    }
                },
                {
                    "sub_Test_Number": "2",
                    "sub_Test_Description": "Testing tampered.bin update",
                    "sub_test_result": {
                        "PASSED": 1,
                        "FAILED": 0,
                        "FAILED_WITH_WAIVER": 0,
                        "ABORTED": 0,
                        "SKIPPED": 0,
                        "WARNINGS": 0,
                        "pass_reasons": [
                            [
                                "CapsuleApp: creating capsule descriptors at 0xCC0EB040",
                                "CapsuleApp: capsule data starts          at 0xCBE7C040 with size 0x22B9B5",
                                "CapsuleApp: capsule block/size              0xCBE7C040/0x22B9B5",
                                "CapsuleApp: failed to update capsule - Security Violation"
                            ]
                        ],
                        "waiver_reason": ""
                    }
                },
                {
                    "sub_Test_Number": "3",
                    "sub_Test_Description": "Testing signed_capsule.bin OD update",
                    "sub_test_result": {
                        "PASSED": 1,
                        "FAILED": 0,
                        "FAILED_WITH_WAIVER": 0,
                        "ABORTED": 0,
                        "SKIPPED": 0,
                        "WARNINGS": 0,
                        "pass_reasons": [
                            [
                                "CapsuleApp: creating capsule descriptors at 0xCC068040",
                                "CapsuleApp: capsule data starts          at 0xCBDFD040 with size 0x22B9B5",
                                "CapsuleApp: capsule block/size              0xCBDFD040/0x22B9B5",
                                "Create Boot option for capsule on disk:",
                                "Boot0000: VenHw(E61D73B9-A384-4ACC-AEAB-82E828F3628B)/UsbHub(0x0,0x0,0x0,0x3)/UsbClass(0x781,0x5590,0x0,0x0,0x0)/HD(3,GPT,EC8EA4F1-B908-48FE-99F6-93C097EC67A2)",
                                "Succeed to write signed_capsule.bin"
                            ]
                        ],
                        "waiver_reason": ""
                    }
                },
                {
                    "sub_Test_Number": "4",
                    "sub_Test_Description": "Testing ESRT FW version update",
                    "sub_test_result": {
                        "PASSED": 0,
                        "FAILED": 1,
                        "FAILED_WITH_WAIVER": 0,
                        "ABORTED": 0,
                        "SKIPPED": 0,
                        "WARNINGS": 0,
                        "fail_reasons": [
                            [
                                "Fmp Payload GUID:928B33BC-E58B-4247-9F1D-3BF1EE1CDAFF, prev version: 0x0, current version: 0x0, last attempted status: 0x0 - FAILED"
                            ]
                        ],
                        "waiver_reason": ""
                    }
                }
            ],
            "test_suite_summary": {
                "total_passed": 3,
                "total_failed": 1,
                "total_skipped": 0,
                "total_aborted": 0,
                "total_warnings": 0,
                "total_failed_with_waivers": 0
            }
        }
    ],
    "suite_summary": {
        "total_passed": 3,
        "total_failed": 1,
        "total_skipped": 0,
        "total_aborted": 0,
        "total_warnings": 0,
        "total_failed_with_waivers": 0
    }
}