{
    "test_results": [
        {
            "Test_suite": "Peripherals",
            "Test_suite_description": "Validation for device tree",
            "Test_case": "dt_kselftest",
            "Test_case_description": "Device Tree kselftests",
            "subtests": [
                {
                    "sub_Test_Number": "1",
                    "sub_Test_Description": "/clock-ext2",
                    "sub_test_result": {
                        "PASSED": 0,
                        "FAILED": 0,
                        "FAILED_WITH_WAIVER": 0,
                        "ABORTED": 0,
                        "SKIPPED": 1,
                        "WARNINGS": 0,
                        "waiver_reason": ""
                    }
                },
                {
                    "sub_Test_Number": "2",
                    "sub_Test_Description": "/clock-ext3",
                    "sub_test_result": {
                        "PASSED": 0,
                        "FAILED": 0,
                        "FAILED_WITH_WAIVER": 0,
                        "ABORTED": 0,
                        "SKIPPED": 1,
                        "WARNINGS": 0,
                        "waiver_reason": ""
                    }
                },
                {
                    "sub_Test_Number": "3",
                    "sub_Test_Description": "/clock-ext4",
                    "sub_test_result": {
                        "PASSED": 0,
                        "FAILED": 0,
                        "FAILED_WITH_WAIVER": 0,
                        "ABORTED": 0,
                        "SKIPPED": 1,
                        "WARNINGS": 0,
                        "waiver_reason": ""
                    }
                },
                {
                    "sub_Test_Number": "4",
                    "sub_Test_Description": "/clock-osc-24m",
                    "sub_test_result": {
                        "PASSED": 0,
                        "FAILED": 0,
                        "FAILED_WITH_WAIVER": 0,
                        "ABORTED": 0,
                        "SKIPPED": 1,
                        "WARNINGS": 0,
                        "waiver_reason": ""
                    }
                },
                {
                    "sub_Test_Number": "5",
                    "sub_Test_Description": "/clock-osc-32k",
                    "sub_test_result": {
                        "PASSED": 0,
                        "FAILED": 0,
                        "FAILED_WITH_WAIVER": 0,
                        "ABORTED": 0,
                        "SKIPPED": 1,
                        "WARNINGS": 0,
                        "waiver_reason": ""
                    }
                },
                {
                    "sub_Test_Number": "6",
                    "sub_Test_Description": "/cpus/cpu@0",
                    "sub_test_result": {
                        "PASSED": 0,
                        "FAILED": 0,
                        "FAILED_WITH_WAIVER": 0,
                        "ABORTED": 0,
                        "SKIPPED": 1,
                        "WARNINGS": 0,
                        "waiver_reason": ""
                    }
                },
                {
                    "sub_Test_Number": "7",
                    "sub_Test_Description": "/cpus/cpu@1",
                    "sub_test_result": {
                        "PASSED": 0,
                        "FAILED": 0,
                        "FAILED_WITH_WAIVER": 0,
                        "ABORTED": 0,
                        "SKIPPED": 1,
                        "WARNINGS": 0,
                        "waiver_reason": ""
                    }
                },
                {
                    "sub_Test_Number": "8",
                    "sub_Test_Description": "/cpus/cpu@2",
                    "sub_test_result": {
                        "PASSED": 0,
                        "FAILED": 0,
                        "FAILED_WITH_WAIVER": 0,
                        "ABORTED": 0,
                        "SKIPPED": 1,
                        "WARNINGS": 0,
                        "waiver_reason": ""
                    }
                },
                {
                    "sub_Test_Number": "9",
                    "sub_Test_Description": "/cpus/cpu@3",
                    "sub_test_result": {
                        "PASSED": 0,
                        "FAILED": 0,
                        "FAILED_WITH_WAIVER": 0,
                        "ABORTED": 0,
                        "SKIPPED": 1,
                        "WARNINGS": 0,
                        "waiver_reason": ""
                    }
                },
                {
                    "sub_Test_Number": "10",
                    "sub_Test_Description": "/cpus/l2-cache0",
                    "sub_test_result": {
                        "PASSED": 0,
                        "FAILED": 0,
                        "FAILED_WITH_WAIVER": 0,
                        "ABORTED": 0,
                        "SKIPPED": 1,
                        "WARNINGS": 0,
                        "waiver_reason": ""
                    }
                },
                {
                    "sub_Test_Number": "11",
                    "sub_Test_Description": "/dma-apbh@33000000",
                    "sub_test_result": {
                        "PASSED": 0,
                        "FAILED": 1,
                        "FAILED_WITH_WAIVER": 0,
                        "ABORTED": 0,
                        "SKIPPED": 0,
                        "WARNINGS": 0,
                        "waiver_reason": ""
                    }
                },
                {
                    "sub_Test_Number": "12",
                    "sub_Test_Description": "/firmware/optee",
                    "sub_test_result": {
                        "PASSED": 1,
                        "FAILED": 0,
                        "FAILED_WITH_WAIVER": 0,
                        "ABORTED": 0,
                        "SKIPPED": 0,
                        "WARNINGS": 0,
                        "waiver_reason": ""
                    }
                },
                {
                    "sub_Test_Number": "13",
                    "sub_Test_Description": "/gpio-leds",
                    "sub_test_result": {
                        "PASSED": 1,
                        "FAILED": 0,
                        "FAILED_WITH_WAIVER": 0,
                        "ABORTED": 0,
                        "SKIPPED": 0,
                        "WARNINGS": 0,
                        "waiver_reason": ""
                    }
                },
                {
                    "sub_Test_Number": "14",
                    "sub_Test_Description": "/interrupt-controller@38800000",
                    "sub_test_result": {
                        "PASSED": 0,
                        "FAILED": 0,
                        "FAILED_WITH_WAIVER": 0,
                        "ABORTED": 0,
                        "SKIPPED": 1,
                        "WARNINGS": 0,
                        "waiver_reason": ""
                    }
                },
                {
                    "sub_Test_Number": "15",
                    "sub_Test_Description": "/pmu",
                    "sub_test_result": {
                        "PASSED": 1,
                        "FAILED": 0,
                        "FAILED_WITH_WAIVER": 0,
                        "ABORTED": 0,
                        "SKIPPED": 0,
                        "WARNINGS": 0,
                        "waiver_reason": ""
                    }
                },
                {
                    "sub_Test_Number": "16",
                    "sub_Test_Description": "/psci",
                    "sub_test_result": {
                        "PASSED": 1,
                        "FAILED": 0,
                        "FAILED_WITH_WAIVER": 0,
                        "ABORTED": 0,
                        "SKIPPED": 0,
                        "WARNINGS": 0,
                        "waiver_reason": ""
                    }
                },
                {
                    "sub_Test_Number": "17",
                    "sub_Test_Description": "/regulator-can1-stby",
                    "sub_test_result": {
                        "PASSED": 1,
                        "FAILED": 0,
                        "FAILED_WITH_WAIVER": 0,
                        "ABORTED": 0,
                        "SKIPPED": 0,
                        "WARNINGS": 0,
                        "waiver_reason": ""
                    }
                },
                {
                    "sub_Test_Number": "18",
                    "sub_Test_Description": "/regulator-can2-stby",
                    "sub_test_result": {
                        "PASSED": 1,
                        "FAILED": 0,
                        "FAILED_WITH_WAIVER": 0,
                        "ABORTED": 0,
                        "SKIPPED": 0,
                        "WARNINGS": 0,
                        "waiver_reason": ""
                    }
                },
                {
                    "sub_Test_Number": "19",
                    "sub_Test_Description": "/regulator-usdhc2",
                    "sub_test_result": {
                        "PASSED": 1,
                        "FAILED": 0,
                        "FAILED_WITH_WAIVER": 0,
                        "ABORTED": 0,
                        "SKIPPED": 0,
                        "WARNINGS": 0,
                        "waiver_reason": ""
                    }
                },
                {
                    "sub_Test_Number": "20",
                    "sub_Test_Description": "/reserved-memory/linux,cma",
                    "sub_test_result": {
                        "PASSED": 0,
                        "FAILED": 0,
                        "FAILED_WITH_WAIVER": 0,
                        "ABORTED": 0,
                        "SKIPPED": 1,
                        "WARNINGS": 0,
                        "waiver_reason": ""
                    }
                },
                {
                    "sub_Test_Number": "21",
                    "sub_Test_Description": "/soc@0",
                    "sub_test_result": {
                        "PASSED": 0,
                        "FAILED": 1,
                        "FAILED_WITH_WAIVER": 0,
                        "ABORTED": 0,
                        "SKIPPED": 0,
                        "WARNINGS": 0,
                        "waiver_reason": ""
                    }
                },
                {
                    "sub_Test_Number": "22",
                    "sub_Test_Description": "/soc@0/bus@30000000",
                    "sub_test_result": {
                        "PASSED": 0,
                        "FAILED": 1,
                        "FAILED_WITH_WAIVER": 0,
                        "ABORTED": 0,
                        "SKIPPED": 0,
                        "WARNINGS": 0,
                        "waiver_reason": ""
                    }
                },
                {
                    "sub_Test_Number": "23",
                    "sub_Test_Description": "/soc@0/bus@30000000/clock-controller@30360000",
                    "sub_test_result": {
                        "PASSED": 0,
                        "FAILED": 0,
                        "FAILED_WITH_WAIVER": 0,
                        "ABORTED": 0,
                        "SKIPPED": 1,
                        "WARNINGS": 0,
                        "waiver_reason": ""
                    }
                },
                {
                    "sub_Test_Number": "24",
                    "sub_Test_Description": "/soc@0/bus@30000000/clock-controller@30380000",
                    "sub_test_result": {
                        "PASSED": 1,
                        "FAILED": 0,
                        "FAILED_WITH_WAIVER": 0,
                        "ABORTED": 0,
                        "SKIPPED": 0,
                        "WARNINGS": 0,
                        "waiver_reason": ""
                    }
                },
                {
                    "sub_Test_Number": "25",
                    "sub_Test_Description": "/soc@0/bus@30000000/efuse@30350000",
                    "sub_test_result": {
                        "PASSED": 1,
                        "FAILED": 0,
                        "FAILED_WITH_WAIVER": 0,
                        "ABORTED": 0,
                        "SKIPPED": 0,
                        "WARNINGS": 0,
                        "waiver_reason": ""
                    }
                },
                {
                    "sub_Test_Number": "26",
                    "sub_Test_Description": "/soc@0/bus@30000000/gpio@30200000",
                    "sub_test_result": {
                        "PASSED": 1,
                        "FAILED": 0,
                        "FAILED_WITH_WAIVER": 0,
                        "ABORTED": 0,
                        "SKIPPED": 0,
                        "WARNINGS": 0,
                        "waiver_reason": ""
                    }
                },
                {
                    "sub_Test_Number": "27",
                    "sub_Test_Description": "/soc@0/bus@30000000/gpio@30210000",
                    "sub_test_result": {
                        "PASSED": 1,
                        "FAILED": 0,
                        "FAILED_WITH_WAIVER": 0,
                        "ABORTED": 0,
                        "SKIPPED": 0,
                        "WARNINGS": 0,
                        "waiver_reason": ""
                    }
                },
                {
                    "sub_Test_Number": "28",
                    "sub_Test_Description": "/soc@0/bus@30000000/gpio@30220000",
                    "sub_test_result": {
                        "PASSED": 1,
                        "FAILED": 0,
                        "FAILED_WITH_WAIVER": 0,
                        "ABORTED": 0,
                        "SKIPPED": 0,
                        "WARNINGS": 0,
                        "waiver_reason": ""
                    }
                },
                {
                    "sub_Test_Number": "29",
                    "sub_Test_Description": "/soc@0/bus@30000000/gpio@30230000",
                    "sub_test_result": {
                        "PASSED": 1,
                        "FAILED": 0,
                        "FAILED_WITH_WAIVER": 0,
                        "ABORTED": 0,
                        "SKIPPED": 0,
                        "WARNINGS": 0,
                        "waiver_reason": ""
                    }
                },
                {
                    "sub_Test_Number": "30",
                    "sub_Test_Description": "/soc@0/bus@30000000/gpio@30240000",
                    "sub_test_result": {
                        "PASSED": 1,
                        "FAILED": 0,
                        "FAILED_WITH_WAIVER": 0,
                        "ABORTED": 0,
                        "SKIPPED": 0,
                        "WARNINGS": 0,
                        "waiver_reason": ""
                    }
                },
                {
                    "sub_Test_Number": "31",
                    "sub_Test_Description": "/soc@0/bus@30000000/pinctrl@30330000",
                    "sub_test_result": {
                        "PASSED": 1,
                        "FAILED": 0,
                        "FAILED_WITH_WAIVER": 0,
                        "ABORTED": 0,
                        "SKIPPED": 0,
                        "WARNINGS": 0,
                        "waiver_reason": ""
                    }
                },
                {
                    "sub_Test_Number": "32",
                    "sub_Test_Description": "/soc@0/bus@30000000/reset-controller@30390000",
                    "sub_test_result": {
                        "PASSED": 1,
                        "FAILED": 0,
                        "FAILED_WITH_WAIVER": 0,
                        "ABORTED": 0,
                        "SKIPPED": 0,
                        "WARNINGS": 0,
                        "waiver_reason": ""
                    }
                },
                {
                    "sub_Test_Number": "33",
                    "sub_Test_Description": "/soc@0/bus@30000000/syscon@30340000",
                    "sub_test_result": {
                        "PASSED": 0,
                        "FAILED": 0,
                        "FAILED_WITH_WAIVER": 0,
                        "ABORTED": 0,
                        "SKIPPED": 1,
                        "WARNINGS": 0,
                        "waiver_reason": ""
                    }
                },
                {
                    "sub_Test_Number": "34",
                    "sub_Test_Description": "/soc@0/bus@30000000/tmu@30260000",
                    "sub_test_result": {
                        "PASSED": 1,
                        "FAILED": 0,
                        "FAILED_WITH_WAIVER": 0,
                        "ABORTED": 0,
                        "SKIPPED": 0,
                        "WARNINGS": 0,
                        "waiver_reason": ""
                    }
                },
                {
                    "sub_Test_Number": "35",
                    "sub_Test_Description": "/soc@0/bus@30000000/watchdog@30280000",
                    "sub_test_result": {
                        "PASSED": 1,
                        "FAILED": 0,
                        "FAILED_WITH_WAIVER": 0,
                        "ABORTED": 0,
                        "SKIPPED": 0,
                        "WARNINGS": 0,
                        "waiver_reason": ""
                    }
                },
                {
                    "sub_Test_Number": "36",
                    "sub_Test_Description": "/soc@0/bus@30400000",
                    "sub_test_result": {
                        "PASSED": 0,
                        "FAILED": 1,
                        "FAILED_WITH_WAIVER": 0,
                        "ABORTED": 0,
                        "SKIPPED": 0,
                        "WARNINGS": 0,
                        "waiver_reason": ""
                    }
                },
                {
                    "sub_Test_Number": "37",
                    "sub_Test_Description": "/soc@0/bus@30400000/timer@306a0000",
                    "sub_test_result": {
                        "PASSED": 0,
                        "FAILED": 0,
                        "FAILED_WITH_WAIVER": 0,
                        "ABORTED": 0,
                        "SKIPPED": 1,
                        "WARNINGS": 0,
                        "waiver_reason": ""
                    }
                },
                {
                    "sub_Test_Number": "38",
                    "sub_Test_Description": "/soc@0/bus@30800000",
                    "sub_test_result": {
                        "PASSED": 0,
                        "FAILED": 1,
                        "FAILED_WITH_WAIVER": 0,
                        "ABORTED": 0,
                        "SKIPPED": 0,
                        "WARNINGS": 0,
                        "waiver_reason": ""
                    }
                },
                {
                    "sub_Test_Number": "39",
                    "sub_Test_Description": "/soc@0/bus@30800000/can@308c0000",
                    "sub_test_result": {
                        "PASSED": 1,
                        "FAILED": 0,
                        "FAILED_WITH_WAIVER": 0,
                        "ABORTED": 0,
                        "SKIPPED": 0,
                        "WARNINGS": 0,
                        "waiver_reason": ""
                    }
                },
                {
                    "sub_Test_Number": "40",
                    "sub_Test_Description": "/soc@0/bus@30800000/crypto@30900000",
                    "sub_test_result": {
                        "PASSED": 1,
                        "FAILED": 0,
                        "FAILED_WITH_WAIVER": 0,
                        "ABORTED": 0,
                        "SKIPPED": 0,
                        "WARNINGS": 0,
                        "waiver_reason": ""
                    }
                },
                {
                    "sub_Test_Number": "41",
                    "sub_Test_Description": "/soc@0/bus@30800000/crypto@30900000/jr@2000",
                    "sub_test_result": {
                        "PASSED": 1,
                        "FAILED": 0,
                        "FAILED_WITH_WAIVER": 0,
                        "ABORTED": 0,
                        "SKIPPED": 0,
                        "WARNINGS": 0,
                        "waiver_reason": ""
                    }
                },
                {
                    "sub_Test_Number": "42",
                    "sub_Test_Description": "/soc@0/bus@30800000/crypto@30900000/jr@3000",
                    "sub_test_result": {
                        "PASSED": 1,
                        "FAILED": 0,
                        "FAILED_WITH_WAIVER": 0,
                        "ABORTED": 0,
                        "SKIPPED": 0,
                        "WARNINGS": 0,
                        "waiver_reason": ""
                    }
                },
                {
                    "sub_Test_Number": "43",
                    "sub_Test_Description": "/soc@0/bus@30800000/ethernet@30be0000",
                    "sub_test_result": {
                        "PASSED": 1,
                        "FAILED": 0,
                        "FAILED_WITH_WAIVER": 0,
                        "ABORTED": 0,
                        "SKIPPED": 0,
                        "WARNINGS": 0,
                        "waiver_reason": ""
                    }
                },
                {
                    "sub_Test_Number": "44",
                    "sub_Test_Description": "/soc@0/bus@30800000/ethernet@30be0000/mdio/ethernet-phy@1",
                    "sub_test_result": {
                        "PASSED": 1,
                        "FAILED": 0,
                        "FAILED_WITH_WAIVER": 0,
                        "ABORTED": 0,
                        "SKIPPED": 0,
                        "WARNINGS": 0,
                        "waiver_reason": ""
                    }
                },
                {
                    "sub_Test_Number": "45",
                    "sub_Test_Description": "/soc@0/bus@30800000/i2c@30a20000",
                    "sub_test_result": {
                        "PASSED": 1,
                        "FAILED": 0,
                        "FAILED_WITH_WAIVER": 0,
                        "ABORTED": 0,
                        "SKIPPED": 0,
                        "WARNINGS": 0,
                        "waiver_reason": ""
                    }
                },
                {
                    "sub_Test_Number": "46",
                    "sub_Test_Description": "/soc@0/bus@30800000/i2c@30a30000",
                    "sub_test_result": {
                        "PASSED": 1,
                        "FAILED": 0,
                        "FAILED_WITH_WAIVER": 0,
                        "ABORTED": 0,
                        "SKIPPED": 0,
                        "WARNINGS": 0,
                        "waiver_reason": ""
                    }
                },
                {
                    "sub_Test_Number": "47",
                    "sub_Test_Description": "/soc@0/bus@30800000/i2c@30a40000",
                    "sub_test_result": {
                        "PASSED": 1,
                        "FAILED": 0,
                        "FAILED_WITH_WAIVER": 0,
                        "ABORTED": 0,
                        "SKIPPED": 0,
                        "WARNINGS": 0,
                        "waiver_reason": ""
                    }
                },
                {
                    "sub_Test_Number": "48",
                    "sub_Test_Description": "/soc@0/bus@30800000/i2c@30a40000/gpio@20",
                    "sub_test_result": {
                        "PASSED": 1,
                        "FAILED": 0,
                        "FAILED_WITH_WAIVER": 0,
                        "ABORTED": 0,
                        "SKIPPED": 0,
                        "WARNINGS": 0,
                        "waiver_reason": ""
                    }
                },
                {
                    "sub_Test_Number": "49",
                    "sub_Test_Description": "/soc@0/bus@30800000/mailbox@30aa0000",
                    "sub_test_result": {
                        "PASSED": 1,
                        "FAILED": 0,
                        "FAILED_WITH_WAIVER": 0,
                        "ABORTED": 0,
                        "SKIPPED": 0,
                        "WARNINGS": 0,
                        "waiver_reason": ""
                    }
                },
                {
                    "sub_Test_Number": "50",
                    "sub_Test_Description": "/soc@0/bus@30800000/mmc@30b50000",
                    "sub_test_result": {
                        "PASSED": 1,
                        "FAILED": 0,
                        "FAILED_WITH_WAIVER": 0,
                        "ABORTED": 0,
                        "SKIPPED": 0,
                        "WARNINGS": 0,
                        "waiver_reason": ""
                    }
                },
                {
                    "sub_Test_Number": "51",
                    "sub_Test_Description": "/soc@0/bus@30800000/mmc@30b60000",
                    "sub_test_result": {
                        "PASSED": 1,
                        "FAILED": 0,
                        "FAILED_WITH_WAIVER": 0,
                        "ABORTED": 0,
                        "SKIPPED": 0,
                        "WARNINGS": 0,
                        "waiver_reason": ""
                    }
                },
                {
                    "sub_Test_Number": "52",
                    "sub_Test_Description": "/soc@0/bus@30800000/serial@30890000",
                    "sub_test_result": {
                        "PASSED": 1,
                        "FAILED": 0,
                        "FAILED_WITH_WAIVER": 0,
                        "ABORTED": 0,
                        "SKIPPED": 0,
                        "WARNINGS": 0,
                        "waiver_reason": ""
                    }
                },
                {
                    "sub_Test_Number": "53",
                    "sub_Test_Description": "/soc@0/bus@30800000/spi@30bb0000",
                    "sub_test_result": {
                        "PASSED": 1,
                        "FAILED": 0,
                        "FAILED_WITH_WAIVER": 0,
                        "ABORTED": 0,
                        "SKIPPED": 0,
                        "WARNINGS": 0,
                        "waiver_reason": ""
                    }
                },
                {
                    "sub_Test_Number": "54",
                    "sub_Test_Description": "/soc@0/bus@30800000/spi@30bb0000/flash@0",
                    "sub_test_result": {
                        "PASSED": 1,
                        "FAILED": 0,
                        "FAILED_WITH_WAIVER": 0,
                        "ABORTED": 0,
                        "SKIPPED": 0,
                        "WARNINGS": 0,
                        "waiver_reason": ""
                    }
                },
                {
                    "sub_Test_Number": "55",
                    "sub_Test_Description": "/soc@0/bus@32c00000",
                    "sub_test_result": {
                        "PASSED": 0,
                        "FAILED": 1,
                        "FAILED_WITH_WAIVER": 0,
                        "ABORTED": 0,
                        "SKIPPED": 0,
                        "WARNINGS": 0,
                        "waiver_reason": ""
                    }
                },
                {
                    "sub_Test_Number": "56",
                    "sub_Test_Description": "/soc@0/ddr-pmu@3d800000",
                    "sub_test_result": {
                        "PASSED": 1,
                        "FAILED": 0,
                        "FAILED_WITH_WAIVER": 0,
                        "ABORTED": 0,
                        "SKIPPED": 0,
                        "WARNINGS": 0,
                        "waiver_reason": ""
                    }
                },
                {
                    "sub_Test_Number": "57",
                    "sub_Test_Description": "/soc@0/usb-phy@381f0040",
                    "sub_test_result": {
                        "PASSED": 1,
                        "FAILED": 0,
                        "FAILED_WITH_WAIVER": 0,
                        "ABORTED": 0,
                        "SKIPPED": 0,
                        "WARNINGS": 0,
                        "waiver_reason": ""
                    }
                },
                {
                    "sub_Test_Number": "58",
                    "sub_Test_Description": "/soc@0/usb-phy@382f0040",
                    "sub_test_result": {
                        "PASSED": 1,
                        "FAILED": 0,
                        "FAILED_WITH_WAIVER": 0,
                        "ABORTED": 0,
                        "SKIPPED": 0,
                        "WARNINGS": 0,
                        "waiver_reason": ""
                    }
                },
                {
                    "sub_Test_Number": "59",
                    "sub_Test_Description": "/soc@0/usb@32f10100",
                    "sub_test_result": {
                        "PASSED": 1,
                        "FAILED": 0,
                        "FAILED_WITH_WAIVER": 0,
                        "ABORTED": 0,
                        "SKIPPED": 0,
                        "WARNINGS": 0,
                        "waiver_reason": ""
                    }
                },
                {
                    "sub_Test_Number": "60",
                    "sub_Test_Description": "/soc@0/usb@32f10100/usb@38100000",
                    "sub_test_result": {
                        "PASSED": 1,
                        "FAILED": 0,
                        "FAILED_WITH_WAIVER": 0,
                        "ABORTED": 0,
                        "SKIPPED": 0,
                        "WARNINGS": 0,
                        "waiver_reason": ""
                    }
                },
                {
                    "sub_Test_Number": "61",
                    "sub_Test_Description": "/soc@0/usb@32f10108",
                    "sub_test_result": {
                        "PASSED": 1,
                        "FAILED": 0,
                        "FAILED_WITH_WAIVER": 0,
                        "ABORTED": 0,
                        "SKIPPED": 0,
                        "WARNINGS": 0,
                        "waiver_reason": ""
                    }
                },
                {
                    "sub_Test_Number": "62",
                    "sub_Test_Description": "/soc@0/usb@32f10108/usb@38200000",
                    "sub_test_result": {
                        "PASSED": 1,
                        "FAILED": 0,
                        "FAILED_WITH_WAIVER": 0,
                        "ABORTED": 0,
                        "SKIPPED": 0,
                        "WARNINGS": 0,
                        "waiver_reason": ""
                    }
                },
                {
                    "sub_Test_Number": "63",
                    "sub_Test_Description": "/timer",
                    "sub_test_result": {
                        "PASSED": 0,
                        "FAILED": 0,
                        "FAILED_WITH_WAIVER": 0,
                        "ABORTED": 0,
                        "SKIPPED": 1,
                        "WARNINGS": 0,
                        "waiver_reason": ""
                    }
                }
            ],
            "test_suite_summary": {
                "total_passed": 41,
                "total_failed": 6,
                "total_skipped": 16,
                "total_aborted": 0,
                "total_warnings": 0,
                "total_failed_with_waivers": 0
            }
        }
    ],
    "suite_summary": {
        "total_passed": 41,
        "total_failed": 6,
        "total_skipped": 16,
        "total_aborted": 0,
        "total_warnings": 0,
        "total_failed_with_waivers": 0
    }
}