{
    "test_results": [
        {
            "Test_suite": "Boot sources",
            "Test_suite_description": "Checks for boot sources",
            "Test_case": "read_write_check_blk_devices",
            "Test_case_description": "Read/Write Check on Block Devices",
            "subtests": [
                {
                    "sub_Test_Number": "1",
                    "sub_Test_Description": "Read check on Partition /dev/sda1",
                    "sub_test_result": {
                        "PASSED": 1,
                        "FAILED": 0,
                        "FAILED_WITH_WAIVER": 0,
                        "ABORTED": 0,
                        "SKIPPED": 0,
                        "WARNINGS": 0,
                        "pass_reasons": [
                            "INFO: Block read on /dev/sda1 part_guid = EBD0A0A2-B9E5-4433-87C0-68B6B72699C7 successful"
                        ],
                        "waiver_reason": ""
                    }
                },
                {
                    "sub_Test_Number": "2",
                    "sub_Test_Description": "Write check on Partition /dev/sda1",
                    "sub_test_result": {
                        "PASSED": 0,
                        "FAILED": 0,
                        "FAILED_WITH_WAIVER": 0,
                        "ABORTED": 0,
                        "SKIPPED": 1,
                        "WARNINGS": 0,
                        "skip_reasons": [
                            "INFO: /dev/sda1 is mounted, skipping write test."
                        ],
                        "waiver_reason": ""
                    }
                },
                {
                    "sub_Test_Number": "3",
                    "sub_Test_Description": "Read check on Partition /dev/sda2",
                    "sub_test_result": {
                        "PASSED": 1,
                        "FAILED": 0,
                        "FAILED_WITH_WAIVER": 0,
                        "ABORTED": 0,
                        "SKIPPED": 0,
                        "WARNINGS": 0,
                        "pass_reasons": [
                            "INFO: Block read on /dev/sda2 part_guid = 0FC63DAF-8483-4772-8E79-3D69D8477DE4 successful"
                        ],
                        "waiver_reason": ""
                    }
                },
                {
                    "sub_Test_Number": "4",
                    "sub_Test_Description": "Write check on Partition /dev/sda2",
                    "sub_test_result": {
                        "PASSED": 0,
                        "FAILED": 0,
                        "FAILED_WITH_WAIVER": 0,
                        "ABORTED": 0,
                        "SKIPPED": 1,
                        "WARNINGS": 0,
                        "skip_reasons": [
                            "INFO: /dev/sda2 is mounted, skipping write test."
                        ],
                        "waiver_reason": ""
                    }
                },
                {
                    "sub_Test_Number": "5",
                    "sub_Test_Description": "Read/Write check on Partition /dev/sda3",
                    "sub_test_result": {
                        "PASSED": 0,
                        "FAILED": 0,
                        "FAILED_WITH_WAIVER": 0,
                        "ABORTED": 0,
                        "SKIPPED": 1,
                        "WARNINGS": 0,
                        "skip_reasons": [
                            "INFO: sda3 partition is PRECIOUS."
                        ],
                        "waiver_reason": ""
                    }
                },
                {
                    "sub_Test_Number": "6",
                    "sub_Test_Description": "Read check on Partition /dev/mmcblk2p1",
                    "sub_test_result": {
                        "PASSED": 1,
                        "FAILED": 0,
                        "FAILED_WITH_WAIVER": 0,
                        "ABORTED": 0,
                        "SKIPPED": 0,
                        "WARNINGS": 0,
                        "pass_reasons": [
                            "INFO: Block read on /dev/mmcblk2p1 mbr_part_id = 0xC successful"
                        ],
                        "waiver_reason": ""
                    }
                },
                {
                    "sub_Test_Number": "7",
                    "sub_Test_Description": "Write check on Partition /dev/mmcblk2p1",
                    "sub_test_result": {
                        "PASSED": 0,
                        "FAILED": 0,
                        "FAILED_WITH_WAIVER": 0,
                        "ABORTED": 0,
                        "SKIPPED": 1,
                        "WARNINGS": 0,
                        "skip_reasons": [
                            "User did not choose the prompt"
                        ],
                        "waiver_reason": ""
                    }
                },
                {
                    "sub_Test_Number": "8",
                    "sub_Test_Description": "Read check on Partition /dev/mmcblk2p2",
                    "sub_test_result": {
                        "PASSED": 1,
                        "FAILED": 0,
                        "FAILED_WITH_WAIVER": 0,
                        "ABORTED": 0,
                        "SKIPPED": 0,
                        "WARNINGS": 0,
                        "pass_reasons": [
                            "INFO: Block read on /dev/mmcblk2p2 mbr_part_id = 0x83 successful"
                        ],
                        "waiver_reason": ""
                    }
                },
                {
                    "sub_Test_Number": "9",
                    "sub_Test_Description": "Write check on Partition /dev/mmcblk2p2",
                    "sub_test_result": {
                        "PASSED": 0,
                        "FAILED": 0,
                        "FAILED_WITH_WAIVER": 0,
                        "ABORTED": 0,
                        "SKIPPED": 1,
                        "WARNINGS": 0,
                        "skip_reasons": [
                            "User did not choose the prompt"
                        ],
                        "waiver_reason": ""
                    }
                },
                {
                    "sub_Test_Number": "10",
                    "sub_Test_Description": "Read check on Raw device /dev/mmcblk2boot0",
                    "sub_test_result": {
                        "PASSED": 1,
                        "FAILED": 0,
                        "FAILED_WITH_WAIVER": 0,
                        "ABORTED": 0,
                        "SKIPPED": 0,
                        "WARNINGS": 0,
                        "pass_reasons": [
                            "INFO: Block read on /dev/mmcblk2boot0 successful"
                        ],
                        "waiver_reason": ""
                    }
                },
                {
                    "sub_Test_Number": "11",
                    "sub_Test_Description": "Write check on Raw device /dev/mmcblk2boot0",
                    "sub_test_result": {
                        "PASSED": 0,
                        "FAILED": 0,
                        "FAILED_WITH_WAIVER": 0,
                        "ABORTED": 0,
                        "SKIPPED": 1,
                        "WARNINGS": 0,
                        "skip_reasons": [
                            "User did not choose the prompt"
                        ],
                        "waiver_reason": ""
                    }
                },
                {
                    "sub_Test_Number": "12",
                    "sub_Test_Description": "Read check on Raw device /dev/mmcblk2boot1",
                    "sub_test_result": {
                        "PASSED": 1,
                        "FAILED": 0,
                        "FAILED_WITH_WAIVER": 0,
                        "ABORTED": 0,
                        "SKIPPED": 0,
                        "WARNINGS": 0,
                        "pass_reasons": [
                            "INFO: Block read on /dev/mmcblk2boot1 successful"
                        ],
                        "waiver_reason": ""
                    }
                },
                {
                    "sub_Test_Number": "13",
                    "sub_Test_Description": "Write check on Raw device /dev/mmcblk2boot1",
                    "sub_test_result": {
                        "PASSED": 0,
                        "FAILED": 0,
                        "FAILED_WITH_WAIVER": 0,
                        "ABORTED": 0,
                        "SKIPPED": 1,
                        "WARNINGS": 0,
                        "skip_reasons": [
                            "User did not choose the prompt"
                        ],
                        "waiver_reason": ""
                    }
                }
            ],
            "test_suite_summary": {
                "total_passed": 6,
                "total_failed": 0,
                "total_skipped": 7,
                "total_aborted": 0,
                "total_warnings": 0,
                "total_failed_with_waivers": 0
            }
        }
    ],
    "suite_summary": {
        "total_passed": 6,
        "total_failed": 0,
        "total_skipped": 7,
        "total_aborted": 0,
        "total_warnings": 0,
        "total_failed_with_waivers": 0
    }
}