{
    "test_results": [
        {
            "Test_suite": "Network boot",
            "Test_suite_description": "Network validation",
            "Test_case": "network_boot",
            "Test_case_description": "Network Boot Test",
            "subtests": [
                {
                    "sub_Test_Number": "1",
                    "sub_Test_Description": "Image URL",
                    "sub_test_result": {
                        "PASSED": 0,
                        "FAILED": 1,
                        "FAILED_WITH_WAIVER": 0,
                        "ABORTED": 0,
                        "SKIPPED": 0,
                        "WARNINGS": 0,
                        "waiver_reason": "",
                        "fail_reasons": "not found or is commented out in system_config.txt"
                    }
                }
            ],
            "test_suite_summary": {
                "total_passed": 0,
                "total_failed": 1,
                "total_skipped": 0,
                "total_aborted": 0,
                "total_warnings": 0,
                "total_failed_with_waivers": 0
            }
        }
    ],
    "suite_summary": {
        "total_passed": 0,
        "total_failed": 1,
        "total_skipped": 0,
        "total_aborted": 0,
        "total_warnings": 0,
        "total_failed_with_waivers": 0
    }
}