{
    "System Info": {
        "Firmware Version": "2021.07-00002-g35b58b33db",
        "SoC Family": "Not Specified",
        "System Name": "Unknown Product",
        "Vendor": "Unknown",
        "Summary Generated On": "2026-01-31 16:09:59",
        "ACS version": "ACS v25.12_3.1.1",
        "SRS version": "SRS 3.1",
        "BSA version": "BSA v1.2",
        "PFDI version": "PFDI 1.0 BET0",
        "BBR version": "BBR v2.1",
        "EBBR version": "EBBR v2.2.0",
        "BBSR version": "BBSR v1.3",
        "Band": "SystemReady Devicetree band",
        "Device Tree Version": "v0.4",
        "FW source code": "Unknown",
        "Flashing instructions": "Unknown",
        "product website": "Unknown",
        "Tested operated Systems": "Unknown",
        "Testlab assistance": "Unknown",
        "UEFI Version": "UEFI v2.80 (Das U-Boot, 0x20210700)"
    },
    "ACS Results Summary": {
        "Band": "SystemReady Devicetree band",
        "Date": "2026-01-31 16:09:59"
    }
}