{
    "test_results": [
        {
            "Test_suite": "Peripherals",
            "Test_suite_description": "Validation for device tree",
            "Test_case": "dt_kselftest",
            "Test_case_description": "Device Tree kselftests",
            "subtests": [
                {
                    "sub_Test_Number": "1",
                    "sub_Test_Description": "/bus/dma-controller@ff6e0000",
                    "sub_test_result": {
                        "PASSED": 1,
                        "FAILED": 0,
                        "FAILED_WITH_WAIVER": 0,
                        "ABORTED": 0,
                        "SKIPPED": 0,
                        "WARNINGS": 0,
                        "waiver_reason": ""
                    }
                },
                {
                    "sub_Test_Number": "2",
                    "sub_Test_Description": "/clock-controller@ff760000",
                    "sub_test_result": {
                        "PASSED": 0,
                        "FAILED": 0,
                        "FAILED_WITH_WAIVER": 0,
                        "ABORTED": 0,
                        "SKIPPED": 1,
                        "WARNINGS": 0,
                        "waiver_reason": ""
                    }
                },
                {
                    "sub_Test_Number": "3",
                    "sub_Test_Description": "/cpus/cpu@0",
                    "sub_test_result": {
                        "PASSED": 0,
                        "FAILED": 0,
                        "FAILED_WITH_WAIVER": 0,
                        "ABORTED": 0,
                        "SKIPPED": 1,
                        "WARNINGS": 0,
                        "waiver_reason": ""
                    }
                },
                {
                    "sub_Test_Number": "4",
                    "sub_Test_Description": "/cpus/cpu@1",
                    "sub_test_result": {
                        "PASSED": 0,
                        "FAILED": 0,
                        "FAILED_WITH_WAIVER": 0,
                        "ABORTED": 0,
                        "SKIPPED": 1,
                        "WARNINGS": 0,
                        "waiver_reason": ""
                    }
                },
                {
                    "sub_Test_Number": "5",
                    "sub_Test_Description": "/cpus/cpu@100",
                    "sub_test_result": {
                        "PASSED": 0,
                        "FAILED": 0,
                        "FAILED_WITH_WAIVER": 0,
                        "ABORTED": 0,
                        "SKIPPED": 1,
                        "WARNINGS": 0,
                        "waiver_reason": ""
                    }
                },
                {
                    "sub_Test_Number": "6",
                    "sub_Test_Description": "/cpus/cpu@101",
                    "sub_test_result": {
                        "PASSED": 0,
                        "FAILED": 0,
                        "FAILED_WITH_WAIVER": 0,
                        "ABORTED": 0,
                        "SKIPPED": 1,
                        "WARNINGS": 0,
                        "waiver_reason": ""
                    }
                },
                {
                    "sub_Test_Number": "7",
                    "sub_Test_Description": "/cpus/cpu@2",
                    "sub_test_result": {
                        "PASSED": 0,
                        "FAILED": 0,
                        "FAILED_WITH_WAIVER": 0,
                        "ABORTED": 0,
                        "SKIPPED": 1,
                        "WARNINGS": 0,
                        "waiver_reason": ""
                    }
                },
                {
                    "sub_Test_Number": "8",
                    "sub_Test_Description": "/cpus/cpu@3",
                    "sub_test_result": {
                        "PASSED": 0,
                        "FAILED": 0,
                        "FAILED_WITH_WAIVER": 0,
                        "ABORTED": 0,
                        "SKIPPED": 1,
                        "WARNINGS": 0,
                        "waiver_reason": ""
                    }
                },
                {
                    "sub_Test_Number": "9",
                    "sub_Test_Description": "/cpus/idle-states/cluster-sleep",
                    "sub_test_result": {
                        "PASSED": 0,
                        "FAILED": 0,
                        "FAILED_WITH_WAIVER": 0,
                        "ABORTED": 0,
                        "SKIPPED": 1,
                        "WARNINGS": 0,
                        "waiver_reason": ""
                    }
                },
                {
                    "sub_Test_Number": "10",
                    "sub_Test_Description": "/cpus/idle-states/cpu-sleep",
                    "sub_test_result": {
                        "PASSED": 0,
                        "FAILED": 0,
                        "FAILED_WITH_WAIVER": 0,
                        "ABORTED": 0,
                        "SKIPPED": 1,
                        "WARNINGS": 0,
                        "waiver_reason": ""
                    }
                },
                {
                    "sub_Test_Number": "11",
                    "sub_Test_Description": "/dfi@ff630000",
                    "sub_test_result": {
                        "PASSED": 0,
                        "FAILED": 1,
                        "FAILED_WITH_WAIVER": 0,
                        "ABORTED": 0,
                        "SKIPPED": 0,
                        "WARNINGS": 0,
                        "waiver_reason": ""
                    }
                },
                {
                    "sub_Test_Number": "12",
                    "sub_Test_Description": "/display-subsystem",
                    "sub_test_result": {
                        "PASSED": 1,
                        "FAILED": 0,
                        "FAILED_WITH_WAIVER": 0,
                        "ABORTED": 0,
                        "SKIPPED": 0,
                        "WARNINGS": 0,
                        "waiver_reason": ""
                    }
                },
                {
                    "sub_Test_Number": "13",
                    "sub_Test_Description": "/dmc",
                    "sub_test_result": {
                        "PASSED": 0,
                        "FAILED": 1,
                        "FAILED_WITH_WAIVER": 0,
                        "ABORTED": 0,
                        "SKIPPED": 0,
                        "WARNINGS": 0,
                        "waiver_reason": ""
                    }
                },
                {
                    "sub_Test_Number": "14",
                    "sub_Test_Description": "/efuse@ff690000",
                    "sub_test_result": {
                        "PASSED": 1,
                        "FAILED": 0,
                        "FAILED_WITH_WAIVER": 0,
                        "ABORTED": 0,
                        "SKIPPED": 0,
                        "WARNINGS": 0,
                        "waiver_reason": ""
                    }
                },
                {
                    "sub_Test_Number": "15",
                    "sub_Test_Description": "/ethernet@fe300000",
                    "sub_test_result": {
                        "PASSED": 1,
                        "FAILED": 0,
                        "FAILED_WITH_WAIVER": 0,
                        "ABORTED": 0,
                        "SKIPPED": 0,
                        "WARNINGS": 0,
                        "waiver_reason": ""
                    }
                },
                {
                    "sub_Test_Number": "16",
                    "sub_Test_Description": "/external-gmac-clock",
                    "sub_test_result": {
                        "PASSED": 0,
                        "FAILED": 0,
                        "FAILED_WITH_WAIVER": 0,
                        "ABORTED": 0,
                        "SKIPPED": 1,
                        "WARNINGS": 0,
                        "waiver_reason": ""
                    }
                },
                {
                    "sub_Test_Number": "17",
                    "sub_Test_Description": "/gpio-keys",
                    "sub_test_result": {
                        "PASSED": 1,
                        "FAILED": 0,
                        "FAILED_WITH_WAIVER": 0,
                        "ABORTED": 0,
                        "SKIPPED": 0,
                        "WARNINGS": 0,
                        "waiver_reason": ""
                    }
                },
                {
                    "sub_Test_Number": "18",
                    "sub_Test_Description": "/gpu@ff9a0000",
                    "sub_test_result": {
                        "PASSED": 1,
                        "FAILED": 0,
                        "FAILED_WITH_WAIVER": 0,
                        "ABORTED": 0,
                        "SKIPPED": 0,
                        "WARNINGS": 0,
                        "waiver_reason": ""
                    }
                },
                {
                    "sub_Test_Number": "19",
                    "sub_Test_Description": "/hdmi-sound",
                    "sub_test_result": {
                        "PASSED": 1,
                        "FAILED": 0,
                        "FAILED_WITH_WAIVER": 0,
                        "ABORTED": 0,
                        "SKIPPED": 0,
                        "WARNINGS": 0,
                        "waiver_reason": ""
                    }
                },
                {
                    "sub_Test_Number": "20",
                    "sub_Test_Description": "/hdmi@ff940000",
                    "sub_test_result": {
                        "PASSED": 1,
                        "FAILED": 0,
                        "FAILED_WITH_WAIVER": 0,
                        "ABORTED": 0,
                        "SKIPPED": 0,
                        "WARNINGS": 0,
                        "waiver_reason": ""
                    }
                },
                {
                    "sub_Test_Number": "21",
                    "sub_Test_Description": "/i2c@ff110000",
                    "sub_test_result": {
                        "PASSED": 1,
                        "FAILED": 0,
                        "FAILED_WITH_WAIVER": 0,
                        "ABORTED": 0,
                        "SKIPPED": 0,
                        "WARNINGS": 0,
                        "waiver_reason": ""
                    }
                },
                {
                    "sub_Test_Number": "22",
                    "sub_Test_Description": "/i2c@ff110000/codec@11",
                    "sub_test_result": {
                        "PASSED": 1,
                        "FAILED": 0,
                        "FAILED_WITH_WAIVER": 0,
                        "ABORTED": 0,
                        "SKIPPED": 0,
                        "WARNINGS": 0,
                        "waiver_reason": ""
                    }
                },
                {
                    "sub_Test_Number": "23",
                    "sub_Test_Description": "/i2c@ff130000",
                    "sub_test_result": {
                        "PASSED": 1,
                        "FAILED": 0,
                        "FAILED_WITH_WAIVER": 0,
                        "ABORTED": 0,
                        "SKIPPED": 0,
                        "WARNINGS": 0,
                        "waiver_reason": ""
                    }
                },
                {
                    "sub_Test_Number": "24",
                    "sub_Test_Description": "/i2c@ff3c0000",
                    "sub_test_result": {
                        "PASSED": 1,
                        "FAILED": 0,
                        "FAILED_WITH_WAIVER": 0,
                        "ABORTED": 0,
                        "SKIPPED": 0,
                        "WARNINGS": 0,
                        "waiver_reason": ""
                    }
                },
                {
                    "sub_Test_Number": "25",
                    "sub_Test_Description": "/i2c@ff3c0000/pmic@1b",
                    "sub_test_result": {
                        "PASSED": 1,
                        "FAILED": 0,
                        "FAILED_WITH_WAIVER": 0,
                        "ABORTED": 0,
                        "SKIPPED": 0,
                        "WARNINGS": 0,
                        "waiver_reason": ""
                    }
                },
                {
                    "sub_Test_Number": "26",
                    "sub_Test_Description": "/i2c@ff3c0000/regulator@40",
                    "sub_test_result": {
                        "PASSED": 1,
                        "FAILED": 0,
                        "FAILED_WITH_WAIVER": 0,
                        "ABORTED": 0,
                        "SKIPPED": 0,
                        "WARNINGS": 0,
                        "waiver_reason": ""
                    }
                },
                {
                    "sub_Test_Number": "27",
                    "sub_Test_Description": "/i2c@ff3c0000/regulator@41",
                    "sub_test_result": {
                        "PASSED": 1,
                        "FAILED": 0,
                        "FAILED_WITH_WAIVER": 0,
                        "ABORTED": 0,
                        "SKIPPED": 0,
                        "WARNINGS": 0,
                        "waiver_reason": ""
                    }
                },
                {
                    "sub_Test_Number": "28",
                    "sub_Test_Description": "/i2c@ff3d0000",
                    "sub_test_result": {
                        "PASSED": 1,
                        "FAILED": 0,
                        "FAILED_WITH_WAIVER": 0,
                        "ABORTED": 0,
                        "SKIPPED": 0,
                        "WARNINGS": 0,
                        "waiver_reason": ""
                    }
                },
                {
                    "sub_Test_Number": "29",
                    "sub_Test_Description": "/i2c@ff3d0000/typec-portc@22",
                    "sub_test_result": {
                        "PASSED": 1,
                        "FAILED": 0,
                        "FAILED_WITH_WAIVER": 0,
                        "ABORTED": 0,
                        "SKIPPED": 0,
                        "WARNINGS": 0,
                        "waiver_reason": ""
                    }
                },
                {
                    "sub_Test_Number": "30",
                    "sub_Test_Description": "/i2s@ff880000",
                    "sub_test_result": {
                        "PASSED": 1,
                        "FAILED": 0,
                        "FAILED_WITH_WAIVER": 0,
                        "ABORTED": 0,
                        "SKIPPED": 0,
                        "WARNINGS": 0,
                        "waiver_reason": ""
                    }
                },
                {
                    "sub_Test_Number": "31",
                    "sub_Test_Description": "/i2s@ff890000",
                    "sub_test_result": {
                        "PASSED": 1,
                        "FAILED": 0,
                        "FAILED_WITH_WAIVER": 0,
                        "ABORTED": 0,
                        "SKIPPED": 0,
                        "WARNINGS": 0,
                        "waiver_reason": ""
                    }
                },
                {
                    "sub_Test_Number": "32",
                    "sub_Test_Description": "/i2s@ff8a0000",
                    "sub_test_result": {
                        "PASSED": 1,
                        "FAILED": 0,
                        "FAILED_WITH_WAIVER": 0,
                        "ABORTED": 0,
                        "SKIPPED": 0,
                        "WARNINGS": 0,
                        "waiver_reason": ""
                    }
                },
                {
                    "sub_Test_Number": "33",
                    "sub_Test_Description": "/interrupt-controller@fee00000",
                    "sub_test_result": {
                        "PASSED": 0,
                        "FAILED": 0,
                        "FAILED_WITH_WAIVER": 0,
                        "ABORTED": 0,
                        "SKIPPED": 1,
                        "WARNINGS": 0,
                        "waiver_reason": ""
                    }
                },
                {
                    "sub_Test_Number": "34",
                    "sub_Test_Description": "/interrupt-controller@fee00000/interrupt-controller@fee20000",
                    "sub_test_result": {
                        "PASSED": 0,
                        "FAILED": 0,
                        "FAILED_WITH_WAIVER": 0,
                        "ABORTED": 0,
                        "SKIPPED": 1,
                        "WARNINGS": 0,
                        "waiver_reason": ""
                    }
                },
                {
                    "sub_Test_Number": "35",
                    "sub_Test_Description": "/iommu@ff650800",
                    "sub_test_result": {
                        "PASSED": 1,
                        "FAILED": 0,
                        "FAILED_WITH_WAIVER": 0,
                        "ABORTED": 0,
                        "SKIPPED": 0,
                        "WARNINGS": 0,
                        "waiver_reason": ""
                    }
                },
                {
                    "sub_Test_Number": "36",
                    "sub_Test_Description": "/iommu@ff8f3f00",
                    "sub_test_result": {
                        "PASSED": 1,
                        "FAILED": 0,
                        "FAILED_WITH_WAIVER": 0,
                        "ABORTED": 0,
                        "SKIPPED": 0,
                        "WARNINGS": 0,
                        "waiver_reason": ""
                    }
                },
                {
                    "sub_Test_Number": "37",
                    "sub_Test_Description": "/iommu@ff903f00",
                    "sub_test_result": {
                        "PASSED": 1,
                        "FAILED": 0,
                        "FAILED_WITH_WAIVER": 0,
                        "ABORTED": 0,
                        "SKIPPED": 0,
                        "WARNINGS": 0,
                        "waiver_reason": ""
                    }
                },
                {
                    "sub_Test_Number": "38",
                    "sub_Test_Description": "/iommu@ff914000",
                    "sub_test_result": {
                        "PASSED": 1,
                        "FAILED": 0,
                        "FAILED_WITH_WAIVER": 0,
                        "ABORTED": 0,
                        "SKIPPED": 0,
                        "WARNINGS": 0,
                        "waiver_reason": ""
                    }
                },
                {
                    "sub_Test_Number": "39",
                    "sub_Test_Description": "/iommu@ff924000",
                    "sub_test_result": {
                        "PASSED": 1,
                        "FAILED": 0,
                        "FAILED_WITH_WAIVER": 0,
                        "ABORTED": 0,
                        "SKIPPED": 0,
                        "WARNINGS": 0,
                        "waiver_reason": ""
                    }
                },
                {
                    "sub_Test_Number": "40",
                    "sub_Test_Description": "/leds",
                    "sub_test_result": {
                        "PASSED": 1,
                        "FAILED": 0,
                        "FAILED_WITH_WAIVER": 0,
                        "ABORTED": 0,
                        "SKIPPED": 0,
                        "WARNINGS": 0,
                        "waiver_reason": ""
                    }
                },
                {
                    "sub_Test_Number": "41",
                    "sub_Test_Description": "/mmc@fe310000",
                    "sub_test_result": {
                        "PASSED": 1,
                        "FAILED": 0,
                        "FAILED_WITH_WAIVER": 0,
                        "ABORTED": 0,
                        "SKIPPED": 0,
                        "WARNINGS": 0,
                        "waiver_reason": ""
                    }
                },
                {
                    "sub_Test_Number": "42",
                    "sub_Test_Description": "/mmc@fe320000",
                    "sub_test_result": {
                        "PASSED": 1,
                        "FAILED": 0,
                        "FAILED_WITH_WAIVER": 0,
                        "ABORTED": 0,
                        "SKIPPED": 0,
                        "WARNINGS": 0,
                        "waiver_reason": ""
                    }
                },
                {
                    "sub_Test_Number": "43",
                    "sub_Test_Description": "/opp-table0",
                    "sub_test_result": {
                        "PASSED": 0,
                        "FAILED": 0,
                        "FAILED_WITH_WAIVER": 0,
                        "ABORTED": 0,
                        "SKIPPED": 1,
                        "WARNINGS": 0,
                        "waiver_reason": ""
                    }
                },
                {
                    "sub_Test_Number": "44",
                    "sub_Test_Description": "/opp-table1",
                    "sub_test_result": {
                        "PASSED": 0,
                        "FAILED": 0,
                        "FAILED_WITH_WAIVER": 0,
                        "ABORTED": 0,
                        "SKIPPED": 1,
                        "WARNINGS": 0,
                        "waiver_reason": ""
                    }
                },
                {
                    "sub_Test_Number": "45",
                    "sub_Test_Description": "/opp-table2",
                    "sub_test_result": {
                        "PASSED": 0,
                        "FAILED": 0,
                        "FAILED_WITH_WAIVER": 0,
                        "ABORTED": 0,
                        "SKIPPED": 1,
                        "WARNINGS": 0,
                        "waiver_reason": ""
                    }
                },
                {
                    "sub_Test_Number": "46",
                    "sub_Test_Description": "/pcie@f8000000",
                    "sub_test_result": {
                        "PASSED": 0,
                        "FAILED": 1,
                        "FAILED_WITH_WAIVER": 0,
                        "ABORTED": 0,
                        "SKIPPED": 0,
                        "WARNINGS": 0,
                        "waiver_reason": ""
                    }
                },
                {
                    "sub_Test_Number": "47",
                    "sub_Test_Description": "/phy@ff7c0000",
                    "sub_test_result": {
                        "PASSED": 1,
                        "FAILED": 0,
                        "FAILED_WITH_WAIVER": 0,
                        "ABORTED": 0,
                        "SKIPPED": 0,
                        "WARNINGS": 0,
                        "waiver_reason": ""
                    }
                },
                {
                    "sub_Test_Number": "48",
                    "sub_Test_Description": "/phy@ff800000",
                    "sub_test_result": {
                        "PASSED": 1,
                        "FAILED": 0,
                        "FAILED_WITH_WAIVER": 0,
                        "ABORTED": 0,
                        "SKIPPED": 0,
                        "WARNINGS": 0,
                        "waiver_reason": ""
                    }
                },
                {
                    "sub_Test_Number": "49",
                    "sub_Test_Description": "/pinctrl",
                    "sub_test_result": {
                        "PASSED": 1,
                        "FAILED": 0,
                        "FAILED_WITH_WAIVER": 0,
                        "ABORTED": 0,
                        "SKIPPED": 0,
                        "WARNINGS": 0,
                        "waiver_reason": ""
                    }
                },
                {
                    "sub_Test_Number": "50",
                    "sub_Test_Description": "/pinctrl/gpio0@ff720000",
                    "sub_test_result": {
                        "PASSED": 1,
                        "FAILED": 0,
                        "FAILED_WITH_WAIVER": 0,
                        "ABORTED": 0,
                        "SKIPPED": 0,
                        "WARNINGS": 0,
                        "waiver_reason": ""
                    }
                },
                {
                    "sub_Test_Number": "51",
                    "sub_Test_Description": "/pinctrl/gpio1@ff730000",
                    "sub_test_result": {
                        "PASSED": 1,
                        "FAILED": 0,
                        "FAILED_WITH_WAIVER": 0,
                        "ABORTED": 0,
                        "SKIPPED": 0,
                        "WARNINGS": 0,
                        "waiver_reason": ""
                    }
                },
                {
                    "sub_Test_Number": "52",
                    "sub_Test_Description": "/pinctrl/gpio2@ff780000",
                    "sub_test_result": {
                        "PASSED": 1,
                        "FAILED": 0,
                        "FAILED_WITH_WAIVER": 0,
                        "ABORTED": 0,
                        "SKIPPED": 0,
                        "WARNINGS": 0,
                        "waiver_reason": ""
                    }
                },
                {
                    "sub_Test_Number": "53",
                    "sub_Test_Description": "/pinctrl/gpio3@ff788000",
                    "sub_test_result": {
                        "PASSED": 1,
                        "FAILED": 0,
                        "FAILED_WITH_WAIVER": 0,
                        "ABORTED": 0,
                        "SKIPPED": 0,
                        "WARNINGS": 0,
                        "waiver_reason": ""
                    }
                },
                {
                    "sub_Test_Number": "54",
                    "sub_Test_Description": "/pinctrl/gpio4@ff790000",
                    "sub_test_result": {
                        "PASSED": 1,
                        "FAILED": 0,
                        "FAILED_WITH_WAIVER": 0,
                        "ABORTED": 0,
                        "SKIPPED": 0,
                        "WARNINGS": 0,
                        "waiver_reason": ""
                    }
                },
                {
                    "sub_Test_Number": "55",
                    "sub_Test_Description": "/pmu-clock-controller@ff750000",
                    "sub_test_result": {
                        "PASSED": 0,
                        "FAILED": 0,
                        "FAILED_WITH_WAIVER": 0,
                        "ABORTED": 0,
                        "SKIPPED": 1,
                        "WARNINGS": 0,
                        "waiver_reason": ""
                    }
                },
                {
                    "sub_Test_Number": "56",
                    "sub_Test_Description": "/pmu_a53",
                    "sub_test_result": {
                        "PASSED": 1,
                        "FAILED": 0,
                        "FAILED_WITH_WAIVER": 0,
                        "ABORTED": 0,
                        "SKIPPED": 0,
                        "WARNINGS": 0,
                        "waiver_reason": ""
                    }
                },
                {
                    "sub_Test_Number": "57",
                    "sub_Test_Description": "/pmu_a72",
                    "sub_test_result": {
                        "PASSED": 1,
                        "FAILED": 0,
                        "FAILED_WITH_WAIVER": 0,
                        "ABORTED": 0,
                        "SKIPPED": 0,
                        "WARNINGS": 0,
                        "waiver_reason": ""
                    }
                },
                {
                    "sub_Test_Number": "58",
                    "sub_Test_Description": "/power-management@ff310000",
                    "sub_test_result": {
                        "PASSED": 0,
                        "FAILED": 0,
                        "FAILED_WITH_WAIVER": 0,
                        "ABORTED": 0,
                        "SKIPPED": 1,
                        "WARNINGS": 0,
                        "waiver_reason": ""
                    }
                },
                {
                    "sub_Test_Number": "59",
                    "sub_Test_Description": "/power-management@ff310000/power-controller",
                    "sub_test_result": {
                        "PASSED": 1,
                        "FAILED": 0,
                        "FAILED_WITH_WAIVER": 0,
                        "ABORTED": 0,
                        "SKIPPED": 0,
                        "WARNINGS": 0,
                        "waiver_reason": ""
                    }
                },
                {
                    "sub_Test_Number": "60",
                    "sub_Test_Description": "/psci",
                    "sub_test_result": {
                        "PASSED": 1,
                        "FAILED": 0,
                        "FAILED_WITH_WAIVER": 0,
                        "ABORTED": 0,
                        "SKIPPED": 0,
                        "WARNINGS": 0,
                        "waiver_reason": ""
                    }
                },
                {
                    "sub_Test_Number": "61",
                    "sub_Test_Description": "/pwm-fan",
                    "sub_test_result": {
                        "PASSED": 1,
                        "FAILED": 0,
                        "FAILED_WITH_WAIVER": 0,
                        "ABORTED": 0,
                        "SKIPPED": 0,
                        "WARNINGS": 0,
                        "waiver_reason": ""
                    }
                },
                {
                    "sub_Test_Number": "62",
                    "sub_Test_Description": "/pwm@ff420000",
                    "sub_test_result": {
                        "PASSED": 1,
                        "FAILED": 0,
                        "FAILED_WITH_WAIVER": 0,
                        "ABORTED": 0,
                        "SKIPPED": 0,
                        "WARNINGS": 0,
                        "waiver_reason": ""
                    }
                },
                {
                    "sub_Test_Number": "63",
                    "sub_Test_Description": "/pwm@ff420010",
                    "sub_test_result": {
                        "PASSED": 1,
                        "FAILED": 0,
                        "FAILED_WITH_WAIVER": 0,
                        "ABORTED": 0,
                        "SKIPPED": 0,
                        "WARNINGS": 0,
                        "waiver_reason": ""
                    }
                },
                {
                    "sub_Test_Number": "64",
                    "sub_Test_Description": "/pwm@ff420020",
                    "sub_test_result": {
                        "PASSED": 1,
                        "FAILED": 0,
                        "FAILED_WITH_WAIVER": 0,
                        "ABORTED": 0,
                        "SKIPPED": 0,
                        "WARNINGS": 0,
                        "waiver_reason": ""
                    }
                },
                {
                    "sub_Test_Number": "65",
                    "sub_Test_Description": "/qos@ffa58000",
                    "sub_test_result": {
                        "PASSED": 0,
                        "FAILED": 0,
                        "FAILED_WITH_WAIVER": 0,
                        "ABORTED": 0,
                        "SKIPPED": 1,
                        "WARNINGS": 0,
                        "waiver_reason": ""
                    }
                },
                {
                    "sub_Test_Number": "66",
                    "sub_Test_Description": "/qos@ffa5c000",
                    "sub_test_result": {
                        "PASSED": 0,
                        "FAILED": 0,
                        "FAILED_WITH_WAIVER": 0,
                        "ABORTED": 0,
                        "SKIPPED": 1,
                        "WARNINGS": 0,
                        "waiver_reason": ""
                    }
                },
                {
                    "sub_Test_Number": "67",
                    "sub_Test_Description": "/qos@ffa60080",
                    "sub_test_result": {
                        "PASSED": 0,
                        "FAILED": 0,
                        "FAILED_WITH_WAIVER": 0,
                        "ABORTED": 0,
                        "SKIPPED": 1,
                        "WARNINGS": 0,
                        "waiver_reason": ""
                    }
                },
                {
                    "sub_Test_Number": "68",
                    "sub_Test_Description": "/qos@ffa60100",
                    "sub_test_result": {
                        "PASSED": 0,
                        "FAILED": 0,
                        "FAILED_WITH_WAIVER": 0,
                        "ABORTED": 0,
                        "SKIPPED": 1,
                        "WARNINGS": 0,
                        "waiver_reason": ""
                    }
                },
                {
                    "sub_Test_Number": "69",
                    "sub_Test_Description": "/qos@ffa60180",
                    "sub_test_result": {
                        "PASSED": 0,
                        "FAILED": 0,
                        "FAILED_WITH_WAIVER": 0,
                        "ABORTED": 0,
                        "SKIPPED": 1,
                        "WARNINGS": 0,
                        "waiver_reason": ""
                    }
                },
                {
                    "sub_Test_Number": "70",
                    "sub_Test_Description": "/qos@ffa70000",
                    "sub_test_result": {
                        "PASSED": 0,
                        "FAILED": 0,
                        "FAILED_WITH_WAIVER": 0,
                        "ABORTED": 0,
                        "SKIPPED": 1,
                        "WARNINGS": 0,
                        "waiver_reason": ""
                    }
                },
                {
                    "sub_Test_Number": "71",
                    "sub_Test_Description": "/qos@ffa70080",
                    "sub_test_result": {
                        "PASSED": 0,
                        "FAILED": 0,
                        "FAILED_WITH_WAIVER": 0,
                        "ABORTED": 0,
                        "SKIPPED": 1,
                        "WARNINGS": 0,
                        "waiver_reason": ""
                    }
                },
                {
                    "sub_Test_Number": "72",
                    "sub_Test_Description": "/qos@ffa74000",
                    "sub_test_result": {
                        "PASSED": 0,
                        "FAILED": 0,
                        "FAILED_WITH_WAIVER": 0,
                        "ABORTED": 0,
                        "SKIPPED": 1,
                        "WARNINGS": 0,
                        "waiver_reason": ""
                    }
                },
                {
                    "sub_Test_Number": "73",
                    "sub_Test_Description": "/qos@ffa76000",
                    "sub_test_result": {
                        "PASSED": 0,
                        "FAILED": 0,
                        "FAILED_WITH_WAIVER": 0,
                        "ABORTED": 0,
                        "SKIPPED": 1,
                        "WARNINGS": 0,
                        "waiver_reason": ""
                    }
                },
                {
                    "sub_Test_Number": "74",
                    "sub_Test_Description": "/qos@ffa90000",
                    "sub_test_result": {
                        "PASSED": 0,
                        "FAILED": 0,
                        "FAILED_WITH_WAIVER": 0,
                        "ABORTED": 0,
                        "SKIPPED": 1,
                        "WARNINGS": 0,
                        "waiver_reason": ""
                    }
                },
                {
                    "sub_Test_Number": "75",
                    "sub_Test_Description": "/qos@ffa98000",
                    "sub_test_result": {
                        "PASSED": 0,
                        "FAILED": 0,
                        "FAILED_WITH_WAIVER": 0,
                        "ABORTED": 0,
                        "SKIPPED": 1,
                        "WARNINGS": 0,
                        "waiver_reason": ""
                    }
                },
                {
                    "sub_Test_Number": "76",
                    "sub_Test_Description": "/qos@ffaa0000",
                    "sub_test_result": {
                        "PASSED": 0,
                        "FAILED": 0,
                        "FAILED_WITH_WAIVER": 0,
                        "ABORTED": 0,
                        "SKIPPED": 1,
                        "WARNINGS": 0,
                        "waiver_reason": ""
                    }
                },
                {
                    "sub_Test_Number": "77",
                    "sub_Test_Description": "/qos@ffaa0080",
                    "sub_test_result": {
                        "PASSED": 0,
                        "FAILED": 0,
                        "FAILED_WITH_WAIVER": 0,
                        "ABORTED": 0,
                        "SKIPPED": 1,
                        "WARNINGS": 0,
                        "waiver_reason": ""
                    }
                },
                {
                    "sub_Test_Number": "78",
                    "sub_Test_Description": "/qos@ffaa8000",
                    "sub_test_result": {
                        "PASSED": 0,
                        "FAILED": 0,
                        "FAILED_WITH_WAIVER": 0,
                        "ABORTED": 0,
                        "SKIPPED": 1,
                        "WARNINGS": 0,
                        "waiver_reason": ""
                    }
                },
                {
                    "sub_Test_Number": "79",
                    "sub_Test_Description": "/qos@ffaa8080",
                    "sub_test_result": {
                        "PASSED": 0,
                        "FAILED": 0,
                        "FAILED_WITH_WAIVER": 0,
                        "ABORTED": 0,
                        "SKIPPED": 1,
                        "WARNINGS": 0,
                        "waiver_reason": ""
                    }
                },
                {
                    "sub_Test_Number": "80",
                    "sub_Test_Description": "/qos@ffab0000",
                    "sub_test_result": {
                        "PASSED": 0,
                        "FAILED": 0,
                        "FAILED_WITH_WAIVER": 0,
                        "ABORTED": 0,
                        "SKIPPED": 1,
                        "WARNINGS": 0,
                        "waiver_reason": ""
                    }
                },
                {
                    "sub_Test_Number": "81",
                    "sub_Test_Description": "/qos@ffab0080",
                    "sub_test_result": {
                        "PASSED": 0,
                        "FAILED": 0,
                        "FAILED_WITH_WAIVER": 0,
                        "ABORTED": 0,
                        "SKIPPED": 1,
                        "WARNINGS": 0,
                        "waiver_reason": ""
                    }
                },
                {
                    "sub_Test_Number": "82",
                    "sub_Test_Description": "/qos@ffab8000",
                    "sub_test_result": {
                        "PASSED": 0,
                        "FAILED": 0,
                        "FAILED_WITH_WAIVER": 0,
                        "ABORTED": 0,
                        "SKIPPED": 1,
                        "WARNINGS": 0,
                        "waiver_reason": ""
                    }
                },
                {
                    "sub_Test_Number": "83",
                    "sub_Test_Description": "/qos@ffac0000",
                    "sub_test_result": {
                        "PASSED": 0,
                        "FAILED": 0,
                        "FAILED_WITH_WAIVER": 0,
                        "ABORTED": 0,
                        "SKIPPED": 1,
                        "WARNINGS": 0,
                        "waiver_reason": ""
                    }
                },
                {
                    "sub_Test_Number": "84",
                    "sub_Test_Description": "/qos@ffac0080",
                    "sub_test_result": {
                        "PASSED": 0,
                        "FAILED": 0,
                        "FAILED_WITH_WAIVER": 0,
                        "ABORTED": 0,
                        "SKIPPED": 1,
                        "WARNINGS": 0,
                        "waiver_reason": ""
                    }
                },
                {
                    "sub_Test_Number": "85",
                    "sub_Test_Description": "/qos@ffac8000",
                    "sub_test_result": {
                        "PASSED": 0,
                        "FAILED": 0,
                        "FAILED_WITH_WAIVER": 0,
                        "ABORTED": 0,
                        "SKIPPED": 1,
                        "WARNINGS": 0,
                        "waiver_reason": ""
                    }
                },
                {
                    "sub_Test_Number": "86",
                    "sub_Test_Description": "/qos@ffac8080",
                    "sub_test_result": {
                        "PASSED": 0,
                        "FAILED": 0,
                        "FAILED_WITH_WAIVER": 0,
                        "ABORTED": 0,
                        "SKIPPED": 1,
                        "WARNINGS": 0,
                        "waiver_reason": ""
                    }
                },
                {
                    "sub_Test_Number": "87",
                    "sub_Test_Description": "/qos@ffad0000",
                    "sub_test_result": {
                        "PASSED": 0,
                        "FAILED": 0,
                        "FAILED_WITH_WAIVER": 0,
                        "ABORTED": 0,
                        "SKIPPED": 1,
                        "WARNINGS": 0,
                        "waiver_reason": ""
                    }
                },
                {
                    "sub_Test_Number": "88",
                    "sub_Test_Description": "/qos@ffad8080",
                    "sub_test_result": {
                        "PASSED": 0,
                        "FAILED": 0,
                        "FAILED_WITH_WAIVER": 0,
                        "ABORTED": 0,
                        "SKIPPED": 1,
                        "WARNINGS": 0,
                        "waiver_reason": ""
                    }
                },
                {
                    "sub_Test_Number": "89",
                    "sub_Test_Description": "/qos@ffae0000",
                    "sub_test_result": {
                        "PASSED": 0,
                        "FAILED": 0,
                        "FAILED_WITH_WAIVER": 0,
                        "ABORTED": 0,
                        "SKIPPED": 1,
                        "WARNINGS": 0,
                        "waiver_reason": ""
                    }
                },
                {
                    "sub_Test_Number": "90",
                    "sub_Test_Description": "/rga@ff680000",
                    "sub_test_result": {
                        "PASSED": 0,
                        "FAILED": 1,
                        "FAILED_WITH_WAIVER": 0,
                        "ABORTED": 0,
                        "SKIPPED": 0,
                        "WARNINGS": 0,
                        "waiver_reason": ""
                    }
                },
                {
                    "sub_Test_Number": "91",
                    "sub_Test_Description": "/rktimer@ff850000",
                    "sub_test_result": {
                        "PASSED": 0,
                        "FAILED": 0,
                        "FAILED_WITH_WAIVER": 0,
                        "ABORTED": 0,
                        "SKIPPED": 1,
                        "WARNINGS": 0,
                        "waiver_reason": ""
                    }
                },
                {
                    "sub_Test_Number": "92",
                    "sub_Test_Description": "/rng@ff8b8000",
                    "sub_test_result": {
                        "PASSED": 0,
                        "FAILED": 0,
                        "FAILED_WITH_WAIVER": 0,
                        "ABORTED": 0,
                        "SKIPPED": 1,
                        "WARNINGS": 0,
                        "waiver_reason": ""
                    }
                },
                {
                    "sub_Test_Number": "93",
                    "sub_Test_Description": "/saradc@ff100000",
                    "sub_test_result": {
                        "PASSED": 1,
                        "FAILED": 0,
                        "FAILED_WITH_WAIVER": 0,
                        "ABORTED": 0,
                        "SKIPPED": 0,
                        "WARNINGS": 0,
                        "waiver_reason": ""
                    }
                },
                {
                    "sub_Test_Number": "94",
                    "sub_Test_Description": "/sdhci@fe330000",
                    "sub_test_result": {
                        "PASSED": 1,
                        "FAILED": 0,
                        "FAILED_WITH_WAIVER": 0,
                        "ABORTED": 0,
                        "SKIPPED": 0,
                        "WARNINGS": 0,
                        "waiver_reason": ""
                    }
                },
                {
                    "sub_Test_Number": "95",
                    "sub_Test_Description": "/sdio-pwrseq",
                    "sub_test_result": {
                        "PASSED": 1,
                        "FAILED": 0,
                        "FAILED_WITH_WAIVER": 0,
                        "ABORTED": 0,
                        "SKIPPED": 0,
                        "WARNINGS": 0,
                        "waiver_reason": ""
                    }
                },
                {
                    "sub_Test_Number": "96",
                    "sub_Test_Description": "/serial@ff180000",
                    "sub_test_result": {
                        "PASSED": 1,
                        "FAILED": 0,
                        "FAILED_WITH_WAIVER": 0,
                        "ABORTED": 0,
                        "SKIPPED": 0,
                        "WARNINGS": 0,
                        "waiver_reason": ""
                    }
                },
                {
                    "sub_Test_Number": "97",
                    "sub_Test_Description": "/serial@ff180000/bluetooth",
                    "sub_test_result": {
                        "PASSED": 1,
                        "FAILED": 0,
                        "FAILED_WITH_WAIVER": 0,
                        "ABORTED": 0,
                        "SKIPPED": 0,
                        "WARNINGS": 0,
                        "waiver_reason": ""
                    }
                },
                {
                    "sub_Test_Number": "98",
                    "sub_Test_Description": "/serial@ff1a0000",
                    "sub_test_result": {
                        "PASSED": 1,
                        "FAILED": 0,
                        "FAILED_WITH_WAIVER": 0,
                        "ABORTED": 0,
                        "SKIPPED": 0,
                        "WARNINGS": 0,
                        "waiver_reason": ""
                    }
                },
                {
                    "sub_Test_Number": "99",
                    "sub_Test_Description": "/sound",
                    "sub_test_result": {
                        "PASSED": 1,
                        "FAILED": 0,
                        "FAILED_WITH_WAIVER": 0,
                        "ABORTED": 0,
                        "SKIPPED": 0,
                        "WARNINGS": 0,
                        "waiver_reason": ""
                    }
                },
                {
                    "sub_Test_Number": "100",
                    "sub_Test_Description": "/spi@ff1d0000",
                    "sub_test_result": {
                        "PASSED": 1,
                        "FAILED": 0,
                        "FAILED_WITH_WAIVER": 0,
                        "ABORTED": 0,
                        "SKIPPED": 0,
                        "WARNINGS": 0,
                        "waiver_reason": ""
                    }
                },
                {
                    "sub_Test_Number": "101",
                    "sub_Test_Description": "/spi@ff1d0000/flash@0",
                    "sub_test_result": {
                        "PASSED": 1,
                        "FAILED": 0,
                        "FAILED_WITH_WAIVER": 0,
                        "ABORTED": 0,
                        "SKIPPED": 0,
                        "WARNINGS": 0,
                        "waiver_reason": ""
                    }
                },
                {
                    "sub_Test_Number": "102",
                    "sub_Test_Description": "/syscon@ff320000",
                    "sub_test_result": {
                        "PASSED": 0,
                        "FAILED": 0,
                        "FAILED_WITH_WAIVER": 0,
                        "ABORTED": 0,
                        "SKIPPED": 1,
                        "WARNINGS": 0,
                        "waiver_reason": ""
                    }
                },
                {
                    "sub_Test_Number": "103",
                    "sub_Test_Description": "/syscon@ff320000/io-domains",
                    "sub_test_result": {
                        "PASSED": 1,
                        "FAILED": 0,
                        "FAILED_WITH_WAIVER": 0,
                        "ABORTED": 0,
                        "SKIPPED": 0,
                        "WARNINGS": 0,
                        "waiver_reason": ""
                    }
                },
                {
                    "sub_Test_Number": "104",
                    "sub_Test_Description": "/syscon@ff330000",
                    "sub_test_result": {
                        "PASSED": 0,
                        "FAILED": 0,
                        "FAILED_WITH_WAIVER": 0,
                        "ABORTED": 0,
                        "SKIPPED": 1,
                        "WARNINGS": 0,
                        "waiver_reason": ""
                    }
                },
                {
                    "sub_Test_Number": "105",
                    "sub_Test_Description": "/syscon@ff620000",
                    "sub_test_result": {
                        "PASSED": 0,
                        "FAILED": 0,
                        "FAILED_WITH_WAIVER": 0,
                        "ABORTED": 0,
                        "SKIPPED": 1,
                        "WARNINGS": 0,
                        "waiver_reason": ""
                    }
                },
                {
                    "sub_Test_Number": "106",
                    "sub_Test_Description": "/syscon@ff770000",
                    "sub_test_result": {
                        "PASSED": 0,
                        "FAILED": 0,
                        "FAILED_WITH_WAIVER": 0,
                        "ABORTED": 0,
                        "SKIPPED": 1,
                        "WARNINGS": 0,
                        "waiver_reason": ""
                    }
                },
                {
                    "sub_Test_Number": "107",
                    "sub_Test_Description": "/syscon@ff770000/io-domains",
                    "sub_test_result": {
                        "PASSED": 1,
                        "FAILED": 0,
                        "FAILED_WITH_WAIVER": 0,
                        "ABORTED": 0,
                        "SKIPPED": 0,
                        "WARNINGS": 0,
                        "waiver_reason": ""
                    }
                },
                {
                    "sub_Test_Number": "108",
                    "sub_Test_Description": "/syscon@ff770000/pcie-phy",
                    "sub_test_result": {
                        "PASSED": 1,
                        "FAILED": 0,
                        "FAILED_WITH_WAIVER": 0,
                        "ABORTED": 0,
                        "SKIPPED": 0,
                        "WARNINGS": 0,
                        "waiver_reason": ""
                    }
                },
                {
                    "sub_Test_Number": "109",
                    "sub_Test_Description": "/syscon@ff770000/phy@f780",
                    "sub_test_result": {
                        "PASSED": 1,
                        "FAILED": 0,
                        "FAILED_WITH_WAIVER": 0,
                        "ABORTED": 0,
                        "SKIPPED": 0,
                        "WARNINGS": 0,
                        "waiver_reason": ""
                    }
                },
                {
                    "sub_Test_Number": "110",
                    "sub_Test_Description": "/syscon@ff770000/usb2-phy@e450",
                    "sub_test_result": {
                        "PASSED": 1,
                        "FAILED": 0,
                        "FAILED_WITH_WAIVER": 0,
                        "ABORTED": 0,
                        "SKIPPED": 0,
                        "WARNINGS": 0,
                        "waiver_reason": ""
                    }
                },
                {
                    "sub_Test_Number": "111",
                    "sub_Test_Description": "/syscon@ff770000/usb2-phy@e460",
                    "sub_test_result": {
                        "PASSED": 1,
                        "FAILED": 0,
                        "FAILED_WITH_WAIVER": 0,
                        "ABORTED": 0,
                        "SKIPPED": 0,
                        "WARNINGS": 0,
                        "waiver_reason": ""
                    }
                },
                {
                    "sub_Test_Number": "112",
                    "sub_Test_Description": "/timer",
                    "sub_test_result": {
                        "PASSED": 0,
                        "FAILED": 0,
                        "FAILED_WITH_WAIVER": 0,
                        "ABORTED": 0,
                        "SKIPPED": 1,
                        "WARNINGS": 0,
                        "waiver_reason": ""
                    }
                },
                {
                    "sub_Test_Number": "113",
                    "sub_Test_Description": "/tsadc@ff260000",
                    "sub_test_result": {
                        "PASSED": 1,
                        "FAILED": 0,
                        "FAILED_WITH_WAIVER": 0,
                        "ABORTED": 0,
                        "SKIPPED": 0,
                        "WARNINGS": 0,
                        "waiver_reason": ""
                    }
                },
                {
                    "sub_Test_Number": "114",
                    "sub_Test_Description": "/usb@fe380000",
                    "sub_test_result": {
                        "PASSED": 1,
                        "FAILED": 0,
                        "FAILED_WITH_WAIVER": 0,
                        "ABORTED": 0,
                        "SKIPPED": 0,
                        "WARNINGS": 0,
                        "waiver_reason": ""
                    }
                },
                {
                    "sub_Test_Number": "115",
                    "sub_Test_Description": "/usb@fe3a0000",
                    "sub_test_result": {
                        "PASSED": 1,
                        "FAILED": 0,
                        "FAILED_WITH_WAIVER": 0,
                        "ABORTED": 0,
                        "SKIPPED": 0,
                        "WARNINGS": 0,
                        "waiver_reason": ""
                    }
                },
                {
                    "sub_Test_Number": "116",
                    "sub_Test_Description": "/usb@fe3c0000",
                    "sub_test_result": {
                        "PASSED": 1,
                        "FAILED": 0,
                        "FAILED_WITH_WAIVER": 0,
                        "ABORTED": 0,
                        "SKIPPED": 0,
                        "WARNINGS": 0,
                        "waiver_reason": ""
                    }
                },
                {
                    "sub_Test_Number": "117",
                    "sub_Test_Description": "/usb@fe3e0000",
                    "sub_test_result": {
                        "PASSED": 1,
                        "FAILED": 0,
                        "FAILED_WITH_WAIVER": 0,
                        "ABORTED": 0,
                        "SKIPPED": 0,
                        "WARNINGS": 0,
                        "waiver_reason": ""
                    }
                },
                {
                    "sub_Test_Number": "118",
                    "sub_Test_Description": "/usb@fe800000",
                    "sub_test_result": {
                        "PASSED": 1,
                        "FAILED": 0,
                        "FAILED_WITH_WAIVER": 0,
                        "ABORTED": 0,
                        "SKIPPED": 0,
                        "WARNINGS": 0,
                        "waiver_reason": ""
                    }
                },
                {
                    "sub_Test_Number": "119",
                    "sub_Test_Description": "/usb@fe800000/dwc3",
                    "sub_test_result": {
                        "PASSED": 1,
                        "FAILED": 0,
                        "FAILED_WITH_WAIVER": 0,
                        "ABORTED": 0,
                        "SKIPPED": 0,
                        "WARNINGS": 0,
                        "waiver_reason": ""
                    }
                },
                {
                    "sub_Test_Number": "120",
                    "sub_Test_Description": "/usb@fe900000",
                    "sub_test_result": {
                        "PASSED": 1,
                        "FAILED": 0,
                        "FAILED_WITH_WAIVER": 0,
                        "ABORTED": 0,
                        "SKIPPED": 0,
                        "WARNINGS": 0,
                        "waiver_reason": ""
                    }
                },
                {
                    "sub_Test_Number": "121",
                    "sub_Test_Description": "/usb@fe900000/dwc3",
                    "sub_test_result": {
                        "PASSED": 1,
                        "FAILED": 0,
                        "FAILED_WITH_WAIVER": 0,
                        "ABORTED": 0,
                        "SKIPPED": 0,
                        "WARNINGS": 0,
                        "waiver_reason": ""
                    }
                },
                {
                    "sub_Test_Number": "122",
                    "sub_Test_Description": "/vcc12v-dcin",
                    "sub_test_result": {
                        "PASSED": 1,
                        "FAILED": 0,
                        "FAILED_WITH_WAIVER": 0,
                        "ABORTED": 0,
                        "SKIPPED": 0,
                        "WARNINGS": 0,
                        "waiver_reason": ""
                    }
                },
                {
                    "sub_Test_Number": "123",
                    "sub_Test_Description": "/vcc1v8-s3",
                    "sub_test_result": {
                        "PASSED": 1,
                        "FAILED": 0,
                        "FAILED_WITH_WAIVER": 0,
                        "ABORTED": 0,
                        "SKIPPED": 0,
                        "WARNINGS": 0,
                        "waiver_reason": ""
                    }
                },
                {
                    "sub_Test_Number": "124",
                    "sub_Test_Description": "/vcc3v3-pcie-regulator",
                    "sub_test_result": {
                        "PASSED": 1,
                        "FAILED": 0,
                        "FAILED_WITH_WAIVER": 0,
                        "ABORTED": 0,
                        "SKIPPED": 0,
                        "WARNINGS": 0,
                        "waiver_reason": ""
                    }
                },
                {
                    "sub_Test_Number": "125",
                    "sub_Test_Description": "/vcc3v3-sys",
                    "sub_test_result": {
                        "PASSED": 1,
                        "FAILED": 0,
                        "FAILED_WITH_WAIVER": 0,
                        "ABORTED": 0,
                        "SKIPPED": 0,
                        "WARNINGS": 0,
                        "waiver_reason": ""
                    }
                },
                {
                    "sub_Test_Number": "126",
                    "sub_Test_Description": "/vcc5v0-host-regulator",
                    "sub_test_result": {
                        "PASSED": 1,
                        "FAILED": 0,
                        "FAILED_WITH_WAIVER": 0,
                        "ABORTED": 0,
                        "SKIPPED": 0,
                        "WARNINGS": 0,
                        "waiver_reason": ""
                    }
                },
                {
                    "sub_Test_Number": "127",
                    "sub_Test_Description": "/vcc5v0-sys",
                    "sub_test_result": {
                        "PASSED": 1,
                        "FAILED": 0,
                        "FAILED_WITH_WAIVER": 0,
                        "ABORTED": 0,
                        "SKIPPED": 0,
                        "WARNINGS": 0,
                        "waiver_reason": ""
                    }
                },
                {
                    "sub_Test_Number": "128",
                    "sub_Test_Description": "/vcc5v0-typec-regulator",
                    "sub_test_result": {
                        "PASSED": 1,
                        "FAILED": 0,
                        "FAILED_WITH_WAIVER": 0,
                        "ABORTED": 0,
                        "SKIPPED": 0,
                        "WARNINGS": 0,
                        "waiver_reason": ""
                    }
                },
                {
                    "sub_Test_Number": "129",
                    "sub_Test_Description": "/vcc5v0-usb",
                    "sub_test_result": {
                        "PASSED": 1,
                        "FAILED": 0,
                        "FAILED_WITH_WAIVER": 0,
                        "ABORTED": 0,
                        "SKIPPED": 0,
                        "WARNINGS": 0,
                        "waiver_reason": ""
                    }
                },
                {
                    "sub_Test_Number": "130",
                    "sub_Test_Description": "/vdd-log",
                    "sub_test_result": {
                        "PASSED": 1,
                        "FAILED": 0,
                        "FAILED_WITH_WAIVER": 0,
                        "ABORTED": 0,
                        "SKIPPED": 0,
                        "WARNINGS": 0,
                        "waiver_reason": ""
                    }
                },
                {
                    "sub_Test_Number": "131",
                    "sub_Test_Description": "/video-codec@ff650000",
                    "sub_test_result": {
                        "PASSED": 1,
                        "FAILED": 0,
                        "FAILED_WITH_WAIVER": 0,
                        "ABORTED": 0,
                        "SKIPPED": 0,
                        "WARNINGS": 0,
                        "waiver_reason": ""
                    }
                },
                {
                    "sub_Test_Number": "132",
                    "sub_Test_Description": "/vop@ff8f0000",
                    "sub_test_result": {
                        "PASSED": 1,
                        "FAILED": 0,
                        "FAILED_WITH_WAIVER": 0,
                        "ABORTED": 0,
                        "SKIPPED": 0,
                        "WARNINGS": 0,
                        "waiver_reason": ""
                    }
                },
                {
                    "sub_Test_Number": "133",
                    "sub_Test_Description": "/vop@ff900000",
                    "sub_test_result": {
                        "PASSED": 1,
                        "FAILED": 0,
                        "FAILED_WITH_WAIVER": 0,
                        "ABORTED": 0,
                        "SKIPPED": 0,
                        "WARNINGS": 0,
                        "waiver_reason": ""
                    }
                },
                {
                    "sub_Test_Number": "134",
                    "sub_Test_Description": "/watchdog@ff848000",
                    "sub_test_result": {
                        "PASSED": 1,
                        "FAILED": 0,
                        "FAILED_WITH_WAIVER": 0,
                        "ABORTED": 0,
                        "SKIPPED": 0,
                        "WARNINGS": 0,
                        "waiver_reason": ""
                    }
                },
                {
                    "sub_Test_Number": "135",
                    "sub_Test_Description": "/xin24m",
                    "sub_test_result": {
                        "PASSED": 0,
                        "FAILED": 0,
                        "FAILED_WITH_WAIVER": 0,
                        "ABORTED": 0,
                        "SKIPPED": 1,
                        "WARNINGS": 0,
                        "waiver_reason": ""
                    }
                }
            ],
            "test_suite_summary": {
                "total_passed": 81,
                "total_failed": 4,
                "total_skipped": 50,
                "total_aborted": 0,
                "total_warnings": 0,
                "total_failed_with_waivers": 0
            }
        }
    ],
    "suite_summary": {
        "total_passed": 81,
        "total_failed": 4,
        "total_skipped": 50,
        "total_aborted": 0,
        "total_warnings": 0,
        "total_failed_with_waivers": 0
    }
}