{
    "test_results": [
        {
            "Test_suite": "post scripts checks",
            "Test_suite_description": "Post script checks from post-script.log",
            "subtests": [
                {
                    "sub_Test_Number": "1",
                    "sub_Test_Description": "ERROR check_file_contains: Could not find `EFI_SYSTEM_RESOURCE_ENTRY' in `/mnt/acs_results_template/acs_results/app_output/CapsuleApp_ESRT_table_info.log'",
                    "sub_test_result": {
                        "PASSED": 0,
                        "FAILED": 1,
                        "ABORTED": 0,
                        "SKIPPED": 0,
                        "WARNINGS": 0,
                        "fail_reasons": [
                            "N/A"
                        ]
                    }
                },
                {
                    "sub_Test_Number": "2",
                    "sub_Test_Description": "ERROR if_contains: `FwResourceCount    - 0x0' found in `/mnt/acs_results_template/acs_results/app_output/CapsuleApp_ESRT_table_info.log' at line 5: `FwResourceCount    - 0x0'",
                    "sub_test_result": {
                        "PASSED": 0,
                        "FAILED": 1,
                        "ABORTED": 0,
                        "SKIPPED": 0,
                        "WARNINGS": 0,
                        "fail_reasons": [
                            "N/A"
                        ]
                    }
                },
                {
                    "sub_Test_Number": "3",
                    "sub_Test_Description": "ERROR if_contains: `FwResourceCountMax - 0x0' found in `/mnt/acs_results_template/acs_results/app_output/CapsuleApp_ESRT_table_info.log' at line 6: `FwResourceCountMax - 0x0'",
                    "sub_test_result": {
                        "PASSED": 0,
                        "FAILED": 1,
                        "ABORTED": 0,
                        "SKIPPED": 0,
                        "WARNINGS": 0,
                        "fail_reasons": [
                            "N/A"
                        ]
                    }
                },
                {
                    "sub_Test_Number": "4",
                    "sub_Test_Description": "ERROR check_capsuleapp_esrt: No GUID found in `/mnt/acs_results_template/acs_results/app_output/CapsuleApp_ESRT_table_info.log'",
                    "sub_test_result": {
                        "PASSED": 0,
                        "FAILED": 1,
                        "ABORTED": 0,
                        "SKIPPED": 0,
                        "WARNINGS": 0,
                        "fail_reasons": [
                            "N/A"
                        ]
                    }
                },
                {
                    "sub_Test_Number": "5",
                    "sub_Test_Description": "ERROR check_dir: `/mnt/acs_results_template/acs_results/linux_dump/firmware/efi/esrt/entries/' has too few entrie(s): 0 < 1",
                    "sub_test_result": {
                        "PASSED": 0,
                        "FAILED": 1,
                        "ABORTED": 0,
                        "SKIPPED": 0,
                        "WARNINGS": 0,
                        "fail_reasons": [
                            "N/A"
                        ]
                    }
                },
                {
                    "sub_Test_Number": "6",
                    "sub_Test_Description": "ERROR if_contains: `0' found in `/mnt/acs_results_template/acs_results/linux_dump/firmware/efi/esrt/fw_resource_count' at line 1: `0'",
                    "sub_test_result": {
                        "PASSED": 0,
                        "FAILED": 1,
                        "ABORTED": 0,
                        "SKIPPED": 0,
                        "WARNINGS": 0,
                        "fail_reasons": [
                            "N/A"
                        ]
                    }
                },
                {
                    "sub_Test_Number": "7",
                    "sub_Test_Description": "ERROR if_contains: `0' found in `/mnt/acs_results_template/acs_results/linux_dump/firmware/efi/esrt/fw_resource_count_max' at line 1: `0'",
                    "sub_test_result": {
                        "PASSED": 0,
                        "FAILED": 1,
                        "ABORTED": 0,
                        "SKIPPED": 0,
                        "WARNINGS": 0,
                        "fail_reasons": [
                            "N/A"
                        ]
                    }
                },
                {
                    "sub_Test_Number": "8",
                    "sub_Test_Description": "ERROR check_devicetree: 3 dt-parser error no schema with `/mnt/acs_results_template/acs_results/uefi/BsaDevTree.dtb.log'!",
                    "sub_test_result": {
                        "PASSED": 0,
                        "FAILED": 1,
                        "ABORTED": 0,
                        "SKIPPED": 0,
                        "WARNINGS": 0,
                        "fail_reasons": [
                            "N/A"
                        ]
                    }
                },
                {
                    "sub_Test_Number": "9",
                    "sub_Test_Description": "ERROR check_file_contains: Could not find `SAL System Table' in `/mnt/acs_results_template/acs_results/uefi_dump/dmem.log'",
                    "sub_test_result": {
                        "PASSED": 0,
                        "FAILED": 1,
                        "ABORTED": 0,
                        "SKIPPED": 0,
                        "WARNINGS": 0,
                        "fail_reasons": [
                            "N/A"
                        ]
                    }
                },
                {
                    "sub_Test_Number": "10",
                    "sub_Test_Description": "ERROR check_dir: `/mnt/acs_results_template/os-logs/' has too few entrie(s): 0 < 3",
                    "sub_test_result": {
                        "PASSED": 0,
                        "FAILED": 1,
                        "ABORTED": 0,
                        "SKIPPED": 0,
                        "WARNINGS": 0,
                        "fail_reasons": [
                            "N/A"
                        ]
                    }
                },
                {
                    "sub_Test_Number": "11",
                    "sub_Test_Description": "ERROR check_min_occurences: Not enough occurrences of /os-logs/linux-* (0 < 3)",
                    "sub_test_result": {
                        "PASSED": 0,
                        "FAILED": 1,
                        "ABORTED": 0,
                        "SKIPPED": 0,
                        "WARNINGS": 0,
                        "fail_reasons": [
                            "N/A"
                        ]
                    }
                }
            ],
            "test_suite_summary": {
                "total_passed": 0,
                "total_failed": 11,
                "total_aborted": 0,
                "total_skipped": 0,
                "total_warnings": 0
            }
        }
    ],
    "suite_summary": {
        "total_passed": 0,
        "total_failed": 11,
        "total_failed_with_waiver": 0,
        "total_aborted": 0,
        "total_skipped": 0,
        "total_warnings": 0
    }
}