{
    "test_results": [
        {
            "Test_suite": "RuntimeServicesTest",
            "Sub_test_suite": "SecureBootTest",
            "Test_case": "VariableAttributes",
            "Test_case_description": "Verifies Secure Boot variable attributes.",
            "Test Entry Point GUID": "E39747C4-22D0-4D52-9C15-3C4EFA80E6C8",
            "Returned Status Code": "Success",
            "test_result": "PASSED WITH WARNINGS",
            "reason": "",
            "subtests": [
                {
                    "sub_Test_Number": "1",
                    "sub_Test_Description": "SecureBoot - Verify SecureBoot is enabled ",
                    "sub_Test_GUID": "98F4A3F2-D329-4813-B00F-324A22F70D3C",
                    "sub_test_result": "PASSED",
                    "sub_Test_Path": "/data_sda/cherat01/ATEG/System_Complaince/DT_DAILY_BUILD/arm-systemready/SystemReady-devicetree-band/Yocto/meta-woden/build/tmp/work/armv8a-oe-linux/ebbr-sct/1.0/edk2-test/SctPkg/TestCase/UEFI/EFI/RuntimeServices/SecureBoot/BlackBoxTest/VariableAttributesBBTest.c:150:Status - Success",
                    "reason": "Status - Success"
                },
                {
                    "sub_Test_Number": "2",
                    "sub_Test_Description": "SecureBoot - Verify SetupMode == 0",
                    "sub_Test_GUID": "42FE7061-7AF6-4EE7-83ED-72BA5024CE83",
                    "sub_test_result": "PASSED",
                    "sub_Test_Path": "/data_sda/cherat01/ATEG/System_Complaince/DT_DAILY_BUILD/arm-systemready/SystemReady-devicetree-band/Yocto/meta-woden/build/tmp/work/armv8a-oe-linux/ebbr-sct/1.0/edk2-test/SctPkg/TestCase/UEFI/EFI/RuntimeServices/SecureBoot/BlackBoxTest/VariableAttributesBBTest.c:178:Status - Success",
                    "reason": "Status - Success"
                },
                {
                    "sub_Test_Number": "3",
                    "sub_Test_Description": "SecureBoot - Verify SecureBoot variable attributes",
                    "sub_Test_GUID": "1A65C9B2-66AB-4363-A18F-52E12FA200BB",
                    "sub_test_result": "PASSED",
                    "sub_Test_Path": "/data_sda/cherat01/ATEG/System_Complaince/DT_DAILY_BUILD/arm-systemready/SystemReady-devicetree-band/Yocto/meta-woden/build/tmp/work/armv8a-oe-linux/ebbr-sct/1.0/edk2-test/SctPkg/TestCase/UEFI/EFI/RuntimeServices/SecureBoot/BlackBoxTest/VariableAttributesBBTest.c:209:Status - Buffer Too Small",
                    "reason": "Status - Buffer Too Small"
                },
                {
                    "sub_Test_Number": "4",
                    "sub_Test_Description": "SecureBoot - Verify SetupMode variable attributes",
                    "sub_Test_GUID": "83D73DD3-3827-4762-9E4E-C7D865F94F27",
                    "sub_test_result": "PASSED",
                    "sub_Test_Path": "/data_sda/cherat01/ATEG/System_Complaince/DT_DAILY_BUILD/arm-systemready/SystemReady-devicetree-band/Yocto/meta-woden/build/tmp/work/armv8a-oe-linux/ebbr-sct/1.0/edk2-test/SctPkg/TestCase/UEFI/EFI/RuntimeServices/SecureBoot/BlackBoxTest/VariableAttributesBBTest.c:247:Status - Buffer Too Small",
                    "reason": "Status - Buffer Too Small"
                },
                {
                    "sub_Test_Number": "5",
                    "sub_Test_Description": "SecureBoot - Verify PK variable attributes",
                    "sub_Test_GUID": "67BCE6BB-FE72-4E4B-8D81-F37EE7C56402",
                    "sub_test_result": "PASSED",
                    "sub_Test_Path": "/data_sda/cherat01/ATEG/System_Complaince/DT_DAILY_BUILD/arm-systemready/SystemReady-devicetree-band/Yocto/meta-woden/build/tmp/work/armv8a-oe-linux/ebbr-sct/1.0/edk2-test/SctPkg/TestCase/UEFI/EFI/RuntimeServices/SecureBoot/BlackBoxTest/VariableAttributesBBTest.c:285:Status - Buffer Too Small",
                    "reason": "Status - Buffer Too Small"
                },
                {
                    "sub_Test_Number": "6",
                    "sub_Test_Description": "SecureBoot - Verify KEK variable attributes",
                    "sub_Test_GUID": "C465F19A-87A5-46D2-B95F-545A4B382E9B",
                    "sub_test_result": "PASSED",
                    "sub_Test_Path": "/data_sda/cherat01/ATEG/System_Complaince/DT_DAILY_BUILD/arm-systemready/SystemReady-devicetree-band/Yocto/meta-woden/build/tmp/work/armv8a-oe-linux/ebbr-sct/1.0/edk2-test/SctPkg/TestCase/UEFI/EFI/RuntimeServices/SecureBoot/BlackBoxTest/VariableAttributesBBTest.c:323:Status - Buffer Too Small",
                    "reason": "Status - Buffer Too Small"
                },
                {
                    "sub_Test_Number": "7",
                    "sub_Test_Description": "SecureBoot - Verify DB variable attributes",
                    "sub_Test_GUID": "A4C882F4-7392-49BE-950C-5E7A31711A12",
                    "sub_test_result": "PASSED",
                    "sub_Test_Path": "/data_sda/cherat01/ATEG/System_Complaince/DT_DAILY_BUILD/arm-systemready/SystemReady-devicetree-band/Yocto/meta-woden/build/tmp/work/armv8a-oe-linux/ebbr-sct/1.0/edk2-test/SctPkg/TestCase/UEFI/EFI/RuntimeServices/SecureBoot/BlackBoxTest/VariableAttributesBBTest.c:361:Status - Buffer Too Small",
                    "reason": "Status - Buffer Too Small"
                },
                {
                    "sub_Test_Number": "8",
                    "sub_Test_Description": "SecureBoot - Verify DBX variable attributes",
                    "sub_Test_GUID": "BC37E48E-614F-44E1-9D9A-80E56C9B0090",
                    "sub_test_result": "PASSED",
                    "sub_Test_Path": "/data_sda/cherat01/ATEG/System_Complaince/DT_DAILY_BUILD/arm-systemready/SystemReady-devicetree-band/Yocto/meta-woden/build/tmp/work/armv8a-oe-linux/ebbr-sct/1.0/edk2-test/SctPkg/TestCase/UEFI/EFI/RuntimeServices/SecureBoot/BlackBoxTest/VariableAttributesBBTest.c:398:Status - Buffer Too Small",
                    "reason": "Status - Buffer Too Small"
                },
                {
                    "sub_Test_Number": "9",
                    "sub_Test_Description": "BBSR Check Default SecureBoot Variable",
                    "sub_Test_GUID": "ABA4F85B-7B07-4E6B-93A6-29198D508934",
                    "sub_test_result": "WARNING",
                    "sub_Test_Path": "PKDefault :/data_sda/cherat01/ATEG/System_Complaince/DT_DAILY_BUILD/arm-systemready/SystemReady-devicetree-band/Yocto/meta-woden/build/tmp/work/armv8a-oe-linux/ebbr-sct/1.0/edk2-test/SctPkg/TestCase/UEFI/EFI/RuntimeServices/SecureBoot/BlackBoxTest/VariableAttributesBBTest.c:475:Status - Not Found",
                    "reason": "Status - Not Found"
                },
                {
                    "sub_Test_Number": "10",
                    "sub_Test_Description": "BBSR Check Default SecureBoot Variable",
                    "sub_Test_GUID": "BFA3AD10-1C20-48E5-9D0D-1C1B0B3DC27B",
                    "sub_test_result": "WARNING",
                    "sub_Test_Path": "KEKDefault :/data_sda/cherat01/ATEG/System_Complaince/DT_DAILY_BUILD/arm-systemready/SystemReady-devicetree-band/Yocto/meta-woden/build/tmp/work/armv8a-oe-linux/ebbr-sct/1.0/edk2-test/SctPkg/TestCase/UEFI/EFI/RuntimeServices/SecureBoot/BlackBoxTest/VariableAttributesBBTest.c:475:Status - Not Found",
                    "reason": "Status - Not Found"
                },
                {
                    "sub_Test_Number": "11",
                    "sub_Test_Description": "BBSR Check Default SecureBoot Variable",
                    "sub_Test_GUID": "AF0D74E7-A36C-4B07-95F9-DB6A24ACE17F",
                    "sub_test_result": "WARNING",
                    "sub_Test_Path": "dbDefault :/data_sda/cherat01/ATEG/System_Complaince/DT_DAILY_BUILD/arm-systemready/SystemReady-devicetree-band/Yocto/meta-woden/build/tmp/work/armv8a-oe-linux/ebbr-sct/1.0/edk2-test/SctPkg/TestCase/UEFI/EFI/RuntimeServices/SecureBoot/BlackBoxTest/VariableAttributesBBTest.c:475:Status - Not Found",
                    "reason": "Status - Not Found"
                },
                {
                    "sub_Test_Number": "12",
                    "sub_Test_Description": "BBSR Check Default SecureBoot Variable",
                    "sub_Test_GUID": "DC5C7717-ED10-476C-B65E-6E009EE00323",
                    "sub_test_result": "WARNING",
                    "sub_Test_Path": "dbxDefault :/data_sda/cherat01/ATEG/System_Complaince/DT_DAILY_BUILD/arm-systemready/SystemReady-devicetree-band/Yocto/meta-woden/build/tmp/work/armv8a-oe-linux/ebbr-sct/1.0/edk2-test/SctPkg/TestCase/UEFI/EFI/RuntimeServices/SecureBoot/BlackBoxTest/VariableAttributesBBTest.c:475:Status - Not Found",
                    "reason": "Status - Not Found"
                }
            ],
            "test_case_summary": {
                "total_passed": 8,
                "total_failed": 0,
                "total_failed_with_waiver": 0,
                "total_aborted": 0,
                "total_skipped": 0,
                "total_warnings": 4,
                "total_ignored": 0
            }
        },
        {
            "Test_suite": "RuntimeServicesTest",
            "Sub_test_suite": "SecureBootTest",
            "Test_case": "VariableUpdates",
            "Test_case_description": "Verifies Secure Boot variable updates.",
            "Test Entry Point GUID": "495CB6D7-0817-4015-A479-0DB4C2308626",
            "Returned Status Code": "Success",
            "test_result": "PASSED",
            "reason": "",
            "subtests": [
                {
                    "sub_Test_Number": "1",
                    "sub_Test_Description": "SecureBoot - Verify unsigned KEK update",
                    "sub_Test_GUID": "D2073163-EDB0-4D6B-BA8F-5C6116C1592C",
                    "sub_test_result": "PASSED",
                    "sub_Test_Path": "/data_sda/cherat01/ATEG/System_Complaince/DT_DAILY_BUILD/arm-systemready/SystemReady-devicetree-band/Yocto/meta-woden/build/tmp/work/armv8a-oe-linux/ebbr-sct/1.0/edk2-test/SctPkg/TestCase/UEFI/EFI/RuntimeServices/SecureBoot/BlackBoxTest/VariableUpdatesBBTest.c:301:Status - 800000000000001A",
                    "reason": "Status - 800000000000001A"
                },
                {
                    "sub_Test_Number": "2",
                    "sub_Test_Description": "SecureBoot - Verify signed KEK update",
                    "sub_Test_GUID": "D2073163-EDB0-4D6B-BA8F-5C6116C1592C",
                    "sub_test_result": "PASSED",
                    "sub_Test_Path": "/data_sda/cherat01/ATEG/System_Complaince/DT_DAILY_BUILD/arm-systemready/SystemReady-devicetree-band/Yocto/meta-woden/build/tmp/work/armv8a-oe-linux/ebbr-sct/1.0/edk2-test/SctPkg/TestCase/UEFI/EFI/RuntimeServices/SecureBoot/BlackBoxTest/VariableUpdatesBBTest.c:377:Status - Success",
                    "reason": "Status - Success"
                },
                {
                    "sub_Test_Number": "3",
                    "sub_Test_Description": "SecureBoot - Verify unsigned db update",
                    "sub_Test_GUID": "25AD4F9B-6533-4A96-9447-FEED03EEC3E2",
                    "sub_test_result": "PASSED",
                    "sub_Test_Path": "/data_sda/cherat01/ATEG/System_Complaince/DT_DAILY_BUILD/arm-systemready/SystemReady-devicetree-band/Yocto/meta-woden/build/tmp/work/armv8a-oe-linux/ebbr-sct/1.0/edk2-test/SctPkg/TestCase/UEFI/EFI/RuntimeServices/SecureBoot/BlackBoxTest/VariableUpdatesBBTest.c:523:Status - 800000000000001A",
                    "reason": "Status - 800000000000001A"
                },
                {
                    "sub_Test_Number": "4",
                    "sub_Test_Description": "SecureBoot - Verify signed db update",
                    "sub_Test_GUID": "2F1014EB-4E84-4293-BAD3-53035F9EAEB4",
                    "sub_test_result": "PASSED",
                    "sub_Test_Path": "/data_sda/cherat01/ATEG/System_Complaince/DT_DAILY_BUILD/arm-systemready/SystemReady-devicetree-band/Yocto/meta-woden/build/tmp/work/armv8a-oe-linux/ebbr-sct/1.0/edk2-test/SctPkg/TestCase/UEFI/EFI/RuntimeServices/SecureBoot/BlackBoxTest/VariableUpdatesBBTest.c:597:Status - Success",
                    "reason": "Status - Success"
                },
                {
                    "sub_Test_Number": "5",
                    "sub_Test_Description": "SecureBoot - Verify signed db update",
                    "sub_Test_GUID": "021EF001-0CB2-45D4-8529-D4F0E83ADD1F",
                    "sub_test_result": "PASSED",
                    "sub_Test_Path": "/data_sda/cherat01/ATEG/System_Complaince/DT_DAILY_BUILD/arm-systemready/SystemReady-devicetree-band/Yocto/meta-woden/build/tmp/work/armv8a-oe-linux/ebbr-sct/1.0/edk2-test/SctPkg/TestCase/UEFI/EFI/RuntimeServices/SecureBoot/BlackBoxTest/VariableUpdatesBBTest.c:671:Status - Success",
                    "reason": "Status - Success"
                },
                {
                    "sub_Test_Number": "6",
                    "sub_Test_Description": "SecureBoot - Verify signed db update data signed by TESTKEK2",
                    "sub_Test_GUID": "EAD975E5-0A13-45A6-ACDD-B3EE23643057",
                    "sub_test_result": "PASSED",
                    "sub_Test_Path": "/data_sda/cherat01/ATEG/System_Complaince/DT_DAILY_BUILD/arm-systemready/SystemReady-devicetree-band/Yocto/meta-woden/build/tmp/work/armv8a-oe-linux/ebbr-sct/1.0/edk2-test/SctPkg/TestCase/UEFI/EFI/RuntimeServices/SecureBoot/BlackBoxTest/VariableUpdatesBBTest.c:745:Status - Success",
                    "reason": "Status - Success"
                },
                {
                    "sub_Test_Number": "7",
                    "sub_Test_Description": "SecureBoot - Verify unsigned dbx update",
                    "sub_Test_GUID": "70FEBF5B-27D6-44AE-AB43-059DDD8B2947",
                    "sub_test_result": "PASSED",
                    "sub_Test_Path": "/data_sda/cherat01/ATEG/System_Complaince/DT_DAILY_BUILD/arm-systemready/SystemReady-devicetree-band/Yocto/meta-woden/build/tmp/work/armv8a-oe-linux/ebbr-sct/1.0/edk2-test/SctPkg/TestCase/UEFI/EFI/RuntimeServices/SecureBoot/BlackBoxTest/VariableUpdatesBBTest.c:893:Status - 800000000000001A",
                    "reason": "Status - 800000000000001A"
                },
                {
                    "sub_Test_Number": "8",
                    "sub_Test_Description": "SecureBoot - Verify signed dbx update",
                    "sub_Test_GUID": "EFE0E633-FD4C-4B20-A64D-ED4F2AFBA5CE",
                    "sub_test_result": "PASSED",
                    "sub_Test_Path": "/data_sda/cherat01/ATEG/System_Complaince/DT_DAILY_BUILD/arm-systemready/SystemReady-devicetree-band/Yocto/meta-woden/build/tmp/work/armv8a-oe-linux/ebbr-sct/1.0/edk2-test/SctPkg/TestCase/UEFI/EFI/RuntimeServices/SecureBoot/BlackBoxTest/VariableUpdatesBBTest.c:969:Status - Success",
                    "reason": "Status - Success"
                },
                {
                    "sub_Test_Number": "9",
                    "sub_Test_Description": "SecureBoot - Verify signed KEK append update",
                    "sub_Test_GUID": "6F4FE39C-DAA0-4A4E-BF44-CAFB05372B53",
                    "sub_test_result": "PASSED",
                    "sub_Test_Path": "/data_sda/cherat01/ATEG/System_Complaince/DT_DAILY_BUILD/arm-systemready/SystemReady-devicetree-band/Yocto/meta-woden/build/tmp/work/armv8a-oe-linux/ebbr-sct/1.0/edk2-test/SctPkg/TestCase/UEFI/EFI/RuntimeServices/SecureBoot/BlackBoxTest/VariableUpdatesBBTest.c:1116:Status - Success",
                    "reason": "Status - Success"
                },
                {
                    "sub_Test_Number": "10",
                    "sub_Test_Description": "SecureBoot - Verify signed DB append update",
                    "sub_Test_GUID": "63BA72D3-9089-AC63-F089-AD902467DBD3",
                    "sub_test_result": "PASSED",
                    "sub_Test_Path": "/data_sda/cherat01/ATEG/System_Complaince/DT_DAILY_BUILD/arm-systemready/SystemReady-devicetree-band/Yocto/meta-woden/build/tmp/work/armv8a-oe-linux/ebbr-sct/1.0/edk2-test/SctPkg/TestCase/UEFI/EFI/RuntimeServices/SecureBoot/BlackBoxTest/VariableUpdatesBBTest.c:1192:Status - Success",
                    "reason": "Status - Success"
                }
            ],
            "test_case_summary": {
                "total_passed": 10,
                "total_failed": 0,
                "total_failed_with_waiver": 0,
                "total_aborted": 0,
                "total_skipped": 0,
                "total_warnings": 0,
                "total_ignored": 0
            }
        },
        {
            "Test_suite": "RuntimeServicesTest",
            "Sub_test_suite": "VariableServicesTest",
            "Test_case": "AuthVar_Conf",
            "Test_case_description": "Test the conformance of Auth Variable",
            "Test Entry Point GUID": "28155531-80C5-4AD0-8471-A5E2AECF236C",
            "Returned Status Code": "Success",
            "test_result": "PASSED",
            "reason": "",
            "subtests": [
                {
                    "sub_Test_Number": "1",
                    "sub_Test_Description": "RT.SetVariable - Set Invalid Time Base Auth Variable",
                    "sub_Test_GUID": "E9893BCB-EF2B-495C-82F0-D0630DA79476",
                    "sub_test_result": "PASSED",
                    "sub_Test_Path": "/data_sda/cherat01/ATEG/System_Complaince/DT_DAILY_BUILD/arm-systemready/SystemReady-devicetree-band/Yocto/meta-woden/build/tmp/work/armv8a-oe-linux/ebbr-sct/1.0/edk2-test/SctPkg/TestCase/UEFI/EFI/RuntimeServices/VariableServices/BlackBoxTest/AuthVariableServicesBBTestConformance.c:226:Status - 800000000000001A",
                    "reason": "Status - 800000000000001A"
                },
                {
                    "sub_Test_Number": "2",
                    "sub_Test_Description": "RT.SetVariable - Set Auth Variable with valid cert.",
                    "sub_Test_GUID": "2534ABC0-1F01-48A0-96DE-F8BBA745C364",
                    "sub_test_result": "PASSED",
                    "sub_Test_Path": "Attributes = Array[0]. /data_sda/cherat01/ATEG/System_Complaince/DT_DAILY_BUILD/arm-systemready/SystemReady-devicetree-band/Yocto/meta-woden/build/tmp/work/armv8a-oe-linux/ebbr-sct/1.0/edk2-test/SctPkg/TestCase/UEFI/EFI/RuntimeServices/VariableServices/BlackBoxTest/AuthVariableServicesBBTestConformance.c:259:Status - Unsupported",
                    "reason": "Status - Unsupported"
                },
                {
                    "sub_Test_Number": "3",
                    "sub_Test_Description": "RT.SetVariable - Set Auth Variable with invalid cert.",
                    "sub_Test_GUID": "55AF8FAD-1B12-45AD-B042-A643962F0470",
                    "sub_test_result": "PASSED",
                    "sub_Test_Path": "Attributes = Array[0]. /data_sda/cherat01/ATEG/System_Complaince/DT_DAILY_BUILD/arm-systemready/SystemReady-devicetree-band/Yocto/meta-woden/build/tmp/work/armv8a-oe-linux/ebbr-sct/1.0/edk2-test/SctPkg/TestCase/UEFI/EFI/RuntimeServices/VariableServices/BlackBoxTest/AuthVariableServicesBBTestConformance.c:284:Status - Unsupported",
                    "reason": "Status - Unsupported"
                },
                {
                    "sub_Test_Number": "4",
                    "sub_Test_Description": "RT.QueryVariableInfo - Query Auth Variable.",
                    "sub_Test_GUID": "6D0740FB-388A-491F-B818-9B5CB5170F95",
                    "sub_test_result": "PASSED",
                    "sub_Test_Path": "Attributes = Array[0]. /data_sda/cherat01/ATEG/System_Complaince/DT_DAILY_BUILD/arm-systemready/SystemReady-devicetree-band/Yocto/meta-woden/build/tmp/work/armv8a-oe-linux/ebbr-sct/1.0/edk2-test/SctPkg/TestCase/UEFI/EFI/RuntimeServices/VariableServices/BlackBoxTest/AuthVariableServicesBBTestConformance.c:309:Status - Unsupported",
                    "reason": "Status - Unsupported"
                },
                {
                    "sub_Test_Number": "5",
                    "sub_Test_Description": "RT.SetVariable - Set Auth Variable with valid cert.",
                    "sub_Test_GUID": "2534ABC0-1F01-48A0-96DE-F8BBA745C364",
                    "sub_test_result": "PASSED",
                    "sub_Test_Path": "Attributes = Array[1]. /data_sda/cherat01/ATEG/System_Complaince/DT_DAILY_BUILD/arm-systemready/SystemReady-devicetree-band/Yocto/meta-woden/build/tmp/work/armv8a-oe-linux/ebbr-sct/1.0/edk2-test/SctPkg/TestCase/UEFI/EFI/RuntimeServices/VariableServices/BlackBoxTest/AuthVariableServicesBBTestConformance.c:259:Status - Unsupported",
                    "reason": "Status - Unsupported"
                },
                {
                    "sub_Test_Number": "6",
                    "sub_Test_Description": "RT.SetVariable - Set Auth Variable with invalid cert.",
                    "sub_Test_GUID": "55AF8FAD-1B12-45AD-B042-A643962F0470",
                    "sub_test_result": "PASSED",
                    "sub_Test_Path": "Attributes = Array[1]. /data_sda/cherat01/ATEG/System_Complaince/DT_DAILY_BUILD/arm-systemready/SystemReady-devicetree-band/Yocto/meta-woden/build/tmp/work/armv8a-oe-linux/ebbr-sct/1.0/edk2-test/SctPkg/TestCase/UEFI/EFI/RuntimeServices/VariableServices/BlackBoxTest/AuthVariableServicesBBTestConformance.c:284:Status - Unsupported",
                    "reason": "Status - Unsupported"
                },
                {
                    "sub_Test_Number": "7",
                    "sub_Test_Description": "RT.QueryVariableInfo - Query Auth Variable.",
                    "sub_Test_GUID": "6D0740FB-388A-491F-B818-9B5CB5170F95",
                    "sub_test_result": "PASSED",
                    "sub_Test_Path": "Attributes = Array[1]. /data_sda/cherat01/ATEG/System_Complaince/DT_DAILY_BUILD/arm-systemready/SystemReady-devicetree-band/Yocto/meta-woden/build/tmp/work/armv8a-oe-linux/ebbr-sct/1.0/edk2-test/SctPkg/TestCase/UEFI/EFI/RuntimeServices/VariableServices/BlackBoxTest/AuthVariableServicesBBTestConformance.c:309:Status - Unsupported",
                    "reason": "Status - Unsupported"
                },
                {
                    "sub_Test_Number": "8",
                    "sub_Test_Description": "RT.SetVariable - Set Auth Variable with valid cert.",
                    "sub_Test_GUID": "2534ABC0-1F01-48A0-96DE-F8BBA745C364",
                    "sub_test_result": "PASSED",
                    "sub_Test_Path": "Attributes = Array[2]. /data_sda/cherat01/ATEG/System_Complaince/DT_DAILY_BUILD/arm-systemready/SystemReady-devicetree-band/Yocto/meta-woden/build/tmp/work/armv8a-oe-linux/ebbr-sct/1.0/edk2-test/SctPkg/TestCase/UEFI/EFI/RuntimeServices/VariableServices/BlackBoxTest/AuthVariableServicesBBTestConformance.c:259:Status - Unsupported",
                    "reason": "Status - Unsupported"
                },
                {
                    "sub_Test_Number": "9",
                    "sub_Test_Description": "RT.SetVariable - Set Auth Variable with invalid cert.",
                    "sub_Test_GUID": "55AF8FAD-1B12-45AD-B042-A643962F0470",
                    "sub_test_result": "PASSED",
                    "sub_Test_Path": "Attributes = Array[2]. /data_sda/cherat01/ATEG/System_Complaince/DT_DAILY_BUILD/arm-systemready/SystemReady-devicetree-band/Yocto/meta-woden/build/tmp/work/armv8a-oe-linux/ebbr-sct/1.0/edk2-test/SctPkg/TestCase/UEFI/EFI/RuntimeServices/VariableServices/BlackBoxTest/AuthVariableServicesBBTestConformance.c:284:Status - Unsupported",
                    "reason": "Status - Unsupported"
                },
                {
                    "sub_Test_Number": "10",
                    "sub_Test_Description": "RT.QueryVariableInfo - Query Auth Variable.",
                    "sub_Test_GUID": "6D0740FB-388A-491F-B818-9B5CB5170F95",
                    "sub_test_result": "PASSED",
                    "sub_Test_Path": "Attributes = Array[2]. /data_sda/cherat01/ATEG/System_Complaince/DT_DAILY_BUILD/arm-systemready/SystemReady-devicetree-band/Yocto/meta-woden/build/tmp/work/armv8a-oe-linux/ebbr-sct/1.0/edk2-test/SctPkg/TestCase/UEFI/EFI/RuntimeServices/VariableServices/BlackBoxTest/AuthVariableServicesBBTestConformance.c:309:Status - Unsupported",
                    "reason": "Status - Unsupported"
                },
                {
                    "sub_Test_Number": "11",
                    "sub_Test_Description": "RT.SetVariable - Set Auth Variable with valid cert.",
                    "sub_Test_GUID": "2534ABC0-1F01-48A0-96DE-F8BBA745C364",
                    "sub_test_result": "PASSED",
                    "sub_Test_Path": "Attributes = Array[3]. /data_sda/cherat01/ATEG/System_Complaince/DT_DAILY_BUILD/arm-systemready/SystemReady-devicetree-band/Yocto/meta-woden/build/tmp/work/armv8a-oe-linux/ebbr-sct/1.0/edk2-test/SctPkg/TestCase/UEFI/EFI/RuntimeServices/VariableServices/BlackBoxTest/AuthVariableServicesBBTestConformance.c:259:Status - Unsupported",
                    "reason": "Status - Unsupported"
                },
                {
                    "sub_Test_Number": "12",
                    "sub_Test_Description": "RT.SetVariable - Set Auth Variable with invalid cert.",
                    "sub_Test_GUID": "55AF8FAD-1B12-45AD-B042-A643962F0470",
                    "sub_test_result": "PASSED",
                    "sub_Test_Path": "Attributes = Array[3]. /data_sda/cherat01/ATEG/System_Complaince/DT_DAILY_BUILD/arm-systemready/SystemReady-devicetree-band/Yocto/meta-woden/build/tmp/work/armv8a-oe-linux/ebbr-sct/1.0/edk2-test/SctPkg/TestCase/UEFI/EFI/RuntimeServices/VariableServices/BlackBoxTest/AuthVariableServicesBBTestConformance.c:284:Status - Unsupported",
                    "reason": "Status - Unsupported"
                },
                {
                    "sub_Test_Number": "13",
                    "sub_Test_Description": "RT.QueryVariableInfo - Query Auth Variable.",
                    "sub_Test_GUID": "6D0740FB-388A-491F-B818-9B5CB5170F95",
                    "sub_test_result": "PASSED",
                    "sub_Test_Path": "Attributes = Array[3]. /data_sda/cherat01/ATEG/System_Complaince/DT_DAILY_BUILD/arm-systemready/SystemReady-devicetree-band/Yocto/meta-woden/build/tmp/work/armv8a-oe-linux/ebbr-sct/1.0/edk2-test/SctPkg/TestCase/UEFI/EFI/RuntimeServices/VariableServices/BlackBoxTest/AuthVariableServicesBBTestConformance.c:309:Status - Unsupported",
                    "reason": "Status - Unsupported"
                },
                {
                    "sub_Test_Number": "14",
                    "sub_Test_Description": "RT.SetVariable - Set Auth Variable with valid cert.",
                    "sub_Test_GUID": "2534ABC0-1F01-48A0-96DE-F8BBA745C364",
                    "sub_test_result": "PASSED",
                    "sub_Test_Path": "Attributes = Array[4]. /data_sda/cherat01/ATEG/System_Complaince/DT_DAILY_BUILD/arm-systemready/SystemReady-devicetree-band/Yocto/meta-woden/build/tmp/work/armv8a-oe-linux/ebbr-sct/1.0/edk2-test/SctPkg/TestCase/UEFI/EFI/RuntimeServices/VariableServices/BlackBoxTest/AuthVariableServicesBBTestConformance.c:259:Status - Unsupported",
                    "reason": "Status - Unsupported"
                },
                {
                    "sub_Test_Number": "15",
                    "sub_Test_Description": "RT.SetVariable - Set Auth Variable with invalid cert.",
                    "sub_Test_GUID": "55AF8FAD-1B12-45AD-B042-A643962F0470",
                    "sub_test_result": "PASSED",
                    "sub_Test_Path": "Attributes = Array[4]. /data_sda/cherat01/ATEG/System_Complaince/DT_DAILY_BUILD/arm-systemready/SystemReady-devicetree-band/Yocto/meta-woden/build/tmp/work/armv8a-oe-linux/ebbr-sct/1.0/edk2-test/SctPkg/TestCase/UEFI/EFI/RuntimeServices/VariableServices/BlackBoxTest/AuthVariableServicesBBTestConformance.c:284:Status - Unsupported",
                    "reason": "Status - Unsupported"
                },
                {
                    "sub_Test_Number": "16",
                    "sub_Test_Description": "RT.QueryVariableInfo - Query Auth Variable.",
                    "sub_Test_GUID": "6D0740FB-388A-491F-B818-9B5CB5170F95",
                    "sub_test_result": "PASSED",
                    "sub_Test_Path": "Attributes = Array[4]. /data_sda/cherat01/ATEG/System_Complaince/DT_DAILY_BUILD/arm-systemready/SystemReady-devicetree-band/Yocto/meta-woden/build/tmp/work/armv8a-oe-linux/ebbr-sct/1.0/edk2-test/SctPkg/TestCase/UEFI/EFI/RuntimeServices/VariableServices/BlackBoxTest/AuthVariableServicesBBTestConformance.c:309:Status - Unsupported",
                    "reason": "Status - Unsupported"
                },
                {
                    "sub_Test_Number": "17",
                    "sub_Test_Description": "RT.SetVariable - Set Auth Variable with valid cert.",
                    "sub_Test_GUID": "2534ABC0-1F01-48A0-96DE-F8BBA745C364",
                    "sub_test_result": "PASSED",
                    "sub_Test_Path": "Attributes = Array[5]. /data_sda/cherat01/ATEG/System_Complaince/DT_DAILY_BUILD/arm-systemready/SystemReady-devicetree-band/Yocto/meta-woden/build/tmp/work/armv8a-oe-linux/ebbr-sct/1.0/edk2-test/SctPkg/TestCase/UEFI/EFI/RuntimeServices/VariableServices/BlackBoxTest/AuthVariableServicesBBTestConformance.c:259:Status - Unsupported",
                    "reason": "Status - Unsupported"
                },
                {
                    "sub_Test_Number": "18",
                    "sub_Test_Description": "RT.SetVariable - Set Auth Variable with invalid cert.",
                    "sub_Test_GUID": "55AF8FAD-1B12-45AD-B042-A643962F0470",
                    "sub_test_result": "PASSED",
                    "sub_Test_Path": "Attributes = Array[5]. /data_sda/cherat01/ATEG/System_Complaince/DT_DAILY_BUILD/arm-systemready/SystemReady-devicetree-band/Yocto/meta-woden/build/tmp/work/armv8a-oe-linux/ebbr-sct/1.0/edk2-test/SctPkg/TestCase/UEFI/EFI/RuntimeServices/VariableServices/BlackBoxTest/AuthVariableServicesBBTestConformance.c:284:Status - Unsupported",
                    "reason": "Status - Unsupported"
                },
                {
                    "sub_Test_Number": "19",
                    "sub_Test_Description": "RT.QueryVariableInfo - Query Auth Variable.",
                    "sub_Test_GUID": "6D0740FB-388A-491F-B818-9B5CB5170F95",
                    "sub_test_result": "PASSED",
                    "sub_Test_Path": "Attributes = Array[5]. /data_sda/cherat01/ATEG/System_Complaince/DT_DAILY_BUILD/arm-systemready/SystemReady-devicetree-band/Yocto/meta-woden/build/tmp/work/armv8a-oe-linux/ebbr-sct/1.0/edk2-test/SctPkg/TestCase/UEFI/EFI/RuntimeServices/VariableServices/BlackBoxTest/AuthVariableServicesBBTestConformance.c:309:Status - Unsupported",
                    "reason": "Status - Unsupported"
                },
                {
                    "sub_Test_Number": "20",
                    "sub_Test_Description": "RT.SetVariable - Set Auth Variable with valid cert.",
                    "sub_Test_GUID": "2534ABC0-1F01-48A0-96DE-F8BBA745C364",
                    "sub_test_result": "PASSED",
                    "sub_Test_Path": "Attributes = Array[6]. /data_sda/cherat01/ATEG/System_Complaince/DT_DAILY_BUILD/arm-systemready/SystemReady-devicetree-band/Yocto/meta-woden/build/tmp/work/armv8a-oe-linux/ebbr-sct/1.0/edk2-test/SctPkg/TestCase/UEFI/EFI/RuntimeServices/VariableServices/BlackBoxTest/AuthVariableServicesBBTestConformance.c:259:Status - Unsupported",
                    "reason": "Status - Unsupported"
                },
                {
                    "sub_Test_Number": "21",
                    "sub_Test_Description": "RT.SetVariable - Set Auth Variable with invalid cert.",
                    "sub_Test_GUID": "55AF8FAD-1B12-45AD-B042-A643962F0470",
                    "sub_test_result": "PASSED",
                    "sub_Test_Path": "Attributes = Array[6]. /data_sda/cherat01/ATEG/System_Complaince/DT_DAILY_BUILD/arm-systemready/SystemReady-devicetree-band/Yocto/meta-woden/build/tmp/work/armv8a-oe-linux/ebbr-sct/1.0/edk2-test/SctPkg/TestCase/UEFI/EFI/RuntimeServices/VariableServices/BlackBoxTest/AuthVariableServicesBBTestConformance.c:284:Status - Unsupported",
                    "reason": "Status - Unsupported"
                },
                {
                    "sub_Test_Number": "22",
                    "sub_Test_Description": "RT.QueryVariableInfo - Query Auth Variable.",
                    "sub_Test_GUID": "6D0740FB-388A-491F-B818-9B5CB5170F95",
                    "sub_test_result": "PASSED",
                    "sub_Test_Path": "Attributes = Array[6]. /data_sda/cherat01/ATEG/System_Complaince/DT_DAILY_BUILD/arm-systemready/SystemReady-devicetree-band/Yocto/meta-woden/build/tmp/work/armv8a-oe-linux/ebbr-sct/1.0/edk2-test/SctPkg/TestCase/UEFI/EFI/RuntimeServices/VariableServices/BlackBoxTest/AuthVariableServicesBBTestConformance.c:309:Status - Unsupported",
                    "reason": "Status - Unsupported"
                },
                {
                    "sub_Test_Number": "23",
                    "sub_Test_Description": "RT.SetVariable - Set Auth Variable with valid cert.",
                    "sub_Test_GUID": "2534ABC0-1F01-48A0-96DE-F8BBA745C364",
                    "sub_test_result": "PASSED",
                    "sub_Test_Path": "Attributes = Array[7]. /data_sda/cherat01/ATEG/System_Complaince/DT_DAILY_BUILD/arm-systemready/SystemReady-devicetree-band/Yocto/meta-woden/build/tmp/work/armv8a-oe-linux/ebbr-sct/1.0/edk2-test/SctPkg/TestCase/UEFI/EFI/RuntimeServices/VariableServices/BlackBoxTest/AuthVariableServicesBBTestConformance.c:259:Status - Unsupported",
                    "reason": "Status - Unsupported"
                },
                {
                    "sub_Test_Number": "24",
                    "sub_Test_Description": "RT.SetVariable - Set Auth Variable with invalid cert.",
                    "sub_Test_GUID": "55AF8FAD-1B12-45AD-B042-A643962F0470",
                    "sub_test_result": "PASSED",
                    "sub_Test_Path": "Attributes = Array[7]. /data_sda/cherat01/ATEG/System_Complaince/DT_DAILY_BUILD/arm-systemready/SystemReady-devicetree-band/Yocto/meta-woden/build/tmp/work/armv8a-oe-linux/ebbr-sct/1.0/edk2-test/SctPkg/TestCase/UEFI/EFI/RuntimeServices/VariableServices/BlackBoxTest/AuthVariableServicesBBTestConformance.c:284:Status - Unsupported",
                    "reason": "Status - Unsupported"
                },
                {
                    "sub_Test_Number": "25",
                    "sub_Test_Description": "RT.QueryVariableInfo - Query Auth Variable.",
                    "sub_Test_GUID": "6D0740FB-388A-491F-B818-9B5CB5170F95",
                    "sub_test_result": "PASSED",
                    "sub_Test_Path": "Attributes = Array[7]. /data_sda/cherat01/ATEG/System_Complaince/DT_DAILY_BUILD/arm-systemready/SystemReady-devicetree-band/Yocto/meta-woden/build/tmp/work/armv8a-oe-linux/ebbr-sct/1.0/edk2-test/SctPkg/TestCase/UEFI/EFI/RuntimeServices/VariableServices/BlackBoxTest/AuthVariableServicesBBTestConformance.c:309:Status - Unsupported",
                    "reason": "Status - Unsupported"
                },
                {
                    "sub_Test_Number": "26",
                    "sub_Test_Description": "RT.SetVariable - Set Auth Variable with valid cert.",
                    "sub_Test_GUID": "2534ABC0-1F01-48A0-96DE-F8BBA745C364",
                    "sub_test_result": "PASSED",
                    "sub_Test_Path": "Attributes = Array[8]. /data_sda/cherat01/ATEG/System_Complaince/DT_DAILY_BUILD/arm-systemready/SystemReady-devicetree-band/Yocto/meta-woden/build/tmp/work/armv8a-oe-linux/ebbr-sct/1.0/edk2-test/SctPkg/TestCase/UEFI/EFI/RuntimeServices/VariableServices/BlackBoxTest/AuthVariableServicesBBTestConformance.c:259:Status - Unsupported",
                    "reason": "Status - Unsupported"
                },
                {
                    "sub_Test_Number": "27",
                    "sub_Test_Description": "RT.SetVariable - Set Auth Variable with invalid cert.",
                    "sub_Test_GUID": "55AF8FAD-1B12-45AD-B042-A643962F0470",
                    "sub_test_result": "PASSED",
                    "sub_Test_Path": "Attributes = Array[8]. /data_sda/cherat01/ATEG/System_Complaince/DT_DAILY_BUILD/arm-systemready/SystemReady-devicetree-band/Yocto/meta-woden/build/tmp/work/armv8a-oe-linux/ebbr-sct/1.0/edk2-test/SctPkg/TestCase/UEFI/EFI/RuntimeServices/VariableServices/BlackBoxTest/AuthVariableServicesBBTestConformance.c:284:Status - Unsupported",
                    "reason": "Status - Unsupported"
                },
                {
                    "sub_Test_Number": "28",
                    "sub_Test_Description": "RT.QueryVariableInfo - Query Auth Variable.",
                    "sub_Test_GUID": "6D0740FB-388A-491F-B818-9B5CB5170F95",
                    "sub_test_result": "PASSED",
                    "sub_Test_Path": "Attributes = Array[8]. /data_sda/cherat01/ATEG/System_Complaince/DT_DAILY_BUILD/arm-systemready/SystemReady-devicetree-band/Yocto/meta-woden/build/tmp/work/armv8a-oe-linux/ebbr-sct/1.0/edk2-test/SctPkg/TestCase/UEFI/EFI/RuntimeServices/VariableServices/BlackBoxTest/AuthVariableServicesBBTestConformance.c:309:Status - Unsupported",
                    "reason": "Status - Unsupported"
                },
                {
                    "sub_Test_Number": "29",
                    "sub_Test_Description": "RT.SetVariable - Set Auth Variable with valid cert.",
                    "sub_Test_GUID": "2534ABC0-1F01-48A0-96DE-F8BBA745C364",
                    "sub_test_result": "PASSED",
                    "sub_Test_Path": "Attributes = Array[9]. /data_sda/cherat01/ATEG/System_Complaince/DT_DAILY_BUILD/arm-systemready/SystemReady-devicetree-band/Yocto/meta-woden/build/tmp/work/armv8a-oe-linux/ebbr-sct/1.0/edk2-test/SctPkg/TestCase/UEFI/EFI/RuntimeServices/VariableServices/BlackBoxTest/AuthVariableServicesBBTestConformance.c:259:Status - Unsupported",
                    "reason": "Status - Unsupported"
                },
                {
                    "sub_Test_Number": "30",
                    "sub_Test_Description": "RT.SetVariable - Set Auth Variable with invalid cert.",
                    "sub_Test_GUID": "55AF8FAD-1B12-45AD-B042-A643962F0470",
                    "sub_test_result": "PASSED",
                    "sub_Test_Path": "Attributes = Array[9]. /data_sda/cherat01/ATEG/System_Complaince/DT_DAILY_BUILD/arm-systemready/SystemReady-devicetree-band/Yocto/meta-woden/build/tmp/work/armv8a-oe-linux/ebbr-sct/1.0/edk2-test/SctPkg/TestCase/UEFI/EFI/RuntimeServices/VariableServices/BlackBoxTest/AuthVariableServicesBBTestConformance.c:284:Status - Unsupported",
                    "reason": "Status - Unsupported"
                },
                {
                    "sub_Test_Number": "31",
                    "sub_Test_Description": "RT.QueryVariableInfo - Query Auth Variable.",
                    "sub_Test_GUID": "6D0740FB-388A-491F-B818-9B5CB5170F95",
                    "sub_test_result": "PASSED",
                    "sub_Test_Path": "Attributes = Array[9]. /data_sda/cherat01/ATEG/System_Complaince/DT_DAILY_BUILD/arm-systemready/SystemReady-devicetree-band/Yocto/meta-woden/build/tmp/work/armv8a-oe-linux/ebbr-sct/1.0/edk2-test/SctPkg/TestCase/UEFI/EFI/RuntimeServices/VariableServices/BlackBoxTest/AuthVariableServicesBBTestConformance.c:309:Status - Unsupported",
                    "reason": "Status - Unsupported"
                },
                {
                    "sub_Test_Number": "32",
                    "sub_Test_Description": "RT.SetVariable - Set Auth Variable with valid cert.",
                    "sub_Test_GUID": "2534ABC0-1F01-48A0-96DE-F8BBA745C364",
                    "sub_test_result": "PASSED",
                    "sub_Test_Path": "Attributes = Array[10]. /data_sda/cherat01/ATEG/System_Complaince/DT_DAILY_BUILD/arm-systemready/SystemReady-devicetree-band/Yocto/meta-woden/build/tmp/work/armv8a-oe-linux/ebbr-sct/1.0/edk2-test/SctPkg/TestCase/UEFI/EFI/RuntimeServices/VariableServices/BlackBoxTest/AuthVariableServicesBBTestConformance.c:259:Status - Unsupported",
                    "reason": "Status - Unsupported"
                },
                {
                    "sub_Test_Number": "33",
                    "sub_Test_Description": "RT.SetVariable - Set Auth Variable with invalid cert.",
                    "sub_Test_GUID": "55AF8FAD-1B12-45AD-B042-A643962F0470",
                    "sub_test_result": "PASSED",
                    "sub_Test_Path": "Attributes = Array[10]. /data_sda/cherat01/ATEG/System_Complaince/DT_DAILY_BUILD/arm-systemready/SystemReady-devicetree-band/Yocto/meta-woden/build/tmp/work/armv8a-oe-linux/ebbr-sct/1.0/edk2-test/SctPkg/TestCase/UEFI/EFI/RuntimeServices/VariableServices/BlackBoxTest/AuthVariableServicesBBTestConformance.c:284:Status - Unsupported",
                    "reason": "Status - Unsupported"
                },
                {
                    "sub_Test_Number": "34",
                    "sub_Test_Description": "RT.QueryVariableInfo - Query Auth Variable.",
                    "sub_Test_GUID": "6D0740FB-388A-491F-B818-9B5CB5170F95",
                    "sub_test_result": "PASSED",
                    "sub_Test_Path": "Attributes = Array[10]. /data_sda/cherat01/ATEG/System_Complaince/DT_DAILY_BUILD/arm-systemready/SystemReady-devicetree-band/Yocto/meta-woden/build/tmp/work/armv8a-oe-linux/ebbr-sct/1.0/edk2-test/SctPkg/TestCase/UEFI/EFI/RuntimeServices/VariableServices/BlackBoxTest/AuthVariableServicesBBTestConformance.c:309:Status - Unsupported",
                    "reason": "Status - Unsupported"
                }
            ],
            "test_case_summary": {
                "total_passed": 34,
                "total_failed": 0,
                "total_failed_with_waiver": 0,
                "total_aborted": 0,
                "total_skipped": 0,
                "total_warnings": 0,
                "total_ignored": 0
            }
        },
        {
            "Test_suite": "RuntimeServicesTest",
            "Sub_test_suite": "VariableServicesTest",
            "Test_case": "AuthVar_Func",
            "Test_case_description": "Test the function of Auth Variable",
            "Test Entry Point GUID": "9338D0EC-807B-4750-986A-8F2A91BB3616",
            "Returned Status Code": "Success",
            "test_result": "PASSED",
            "reason": "",
            "subtests": [
                {
                    "sub_Test_Number": "1",
                    "sub_Test_Description": "RT.SetVariable - Create one Time Base Auth Variable, the expect return status should be EFI_SUCCESS",
                    "sub_Test_GUID": "008E18A5-C345-48AE-9134-61A692E30B87",
                    "sub_test_result": "PASSED",
                    "sub_Test_Path": "/data_sda/cherat01/ATEG/System_Complaince/DT_DAILY_BUILD/arm-systemready/SystemReady-devicetree-band/Yocto/meta-woden/build/tmp/work/armv8a-oe-linux/ebbr-sct/1.0/edk2-test/SctPkg/TestCase/UEFI/EFI/RuntimeServices/VariableServices/BlackBoxTest/AuthVariableServicesBBTestFunction.c:636:Status - Success",
                    "reason": "Status - Success"
                },
                {
                    "sub_Test_Number": "2",
                    "sub_Test_Description": "RT.SetVariable - The Created Time Base Auth Variable should pass the data validation",
                    "sub_Test_GUID": "20678B3E-BCCA-4186-84AF-4716E7AFDE85",
                    "sub_test_result": "PASSED",
                    "sub_Test_Path": "/data_sda/cherat01/ATEG/System_Complaince/DT_DAILY_BUILD/arm-systemready/SystemReady-devicetree-band/Yocto/meta-woden/build/tmp/work/armv8a-oe-linux/ebbr-sct/1.0/edk2-test/SctPkg/TestCase/UEFI/EFI/RuntimeServices/VariableServices/BlackBoxTest/AuthVariableServicesBBTestFunction.c:667:Status - Success",
                    "reason": "Status - Success"
                },
                {
                    "sub_Test_Number": "3",
                    "sub_Test_Description": "RT.SetVariable - The 2nd Call SetVariable with the same Data, the return status should be EFI_SECURITY_VIOLATION",
                    "sub_Test_GUID": "AA6BF36F-DAE5-43ED-954D-C1C7979D32A0",
                    "sub_test_result": "PASSED",
                    "sub_Test_Path": "/data_sda/cherat01/ATEG/System_Complaince/DT_DAILY_BUILD/arm-systemready/SystemReady-devicetree-band/Yocto/meta-woden/build/tmp/work/armv8a-oe-linux/ebbr-sct/1.0/edk2-test/SctPkg/TestCase/UEFI/EFI/RuntimeServices/VariableServices/BlackBoxTest/AuthVariableServicesBBTestFunction.c:696:Status - 800000000000001A",
                    "reason": "Status - 800000000000001A"
                },
                {
                    "sub_Test_Number": "4",
                    "sub_Test_Description": "RT.SetVariable - Call SetVariable with invalid Auth info, the return status should be EFI_SECURITY_VIOLATION",
                    "sub_Test_GUID": "2BC131EC-0530-4994-BB81-15355CEFE588",
                    "sub_test_result": "PASSED",
                    "sub_Test_Path": "/data_sda/cherat01/ATEG/System_Complaince/DT_DAILY_BUILD/arm-systemready/SystemReady-devicetree-band/Yocto/meta-woden/build/tmp/work/armv8a-oe-linux/ebbr-sct/1.0/edk2-test/SctPkg/TestCase/UEFI/EFI/RuntimeServices/VariableServices/BlackBoxTest/AuthVariableServicesBBTestFunction.c:724:Status - 800000000000001A",
                    "reason": "Status - 800000000000001A"
                },
                {
                    "sub_Test_Number": "5",
                    "sub_Test_Description": "RT.SetVariable - SetVariable to new value by using the same key but a new timestamp, it should succeed",
                    "sub_Test_GUID": "0E49B21E-409C-4502-9EC6-55FE85F85495",
                    "sub_test_result": "PASSED",
                    "sub_Test_Path": "/data_sda/cherat01/ATEG/System_Complaince/DT_DAILY_BUILD/arm-systemready/SystemReady-devicetree-band/Yocto/meta-woden/build/tmp/work/armv8a-oe-linux/ebbr-sct/1.0/edk2-test/SctPkg/TestCase/UEFI/EFI/RuntimeServices/VariableServices/BlackBoxTest/AuthVariableServicesBBTestFunction.c:752:Status - Success",
                    "reason": "Status - Success"
                },
                {
                    "sub_Test_Number": "6",
                    "sub_Test_Description": "RT.SetVariable - The new value in the Time Base Auth Variable should pass the data validation",
                    "sub_Test_GUID": "ADABAC45-1E0D-40B0-9BD1-8C3AD7FB69D6",
                    "sub_test_result": "PASSED",
                    "sub_Test_Path": "/data_sda/cherat01/ATEG/System_Complaince/DT_DAILY_BUILD/arm-systemready/SystemReady-devicetree-band/Yocto/meta-woden/build/tmp/work/armv8a-oe-linux/ebbr-sct/1.0/edk2-test/SctPkg/TestCase/UEFI/EFI/RuntimeServices/VariableServices/BlackBoxTest/AuthVariableServicesBBTestFunction.c:784:Status - Success",
                    "reason": "Status - Success"
                },
                {
                    "sub_Test_Number": "7",
                    "sub_Test_Description": "RT.SetVariable - SetVariable with the old data and one old timestamp, the expect status should be EFI_SECURITY_VIOLATION",
                    "sub_Test_GUID": "6339807B-0741-45C4-81A8-E2DE5A0BFB55",
                    "sub_test_result": "PASSED",
                    "sub_Test_Path": "/data_sda/cherat01/ATEG/System_Complaince/DT_DAILY_BUILD/arm-systemready/SystemReady-devicetree-band/Yocto/meta-woden/build/tmp/work/armv8a-oe-linux/ebbr-sct/1.0/edk2-test/SctPkg/TestCase/UEFI/EFI/RuntimeServices/VariableServices/BlackBoxTest/AuthVariableServicesBBTestFunction.c:812:Status - 800000000000001A",
                    "reason": "Status - 800000000000001A"
                },
                {
                    "sub_Test_Number": "8",
                    "sub_Test_Description": "RT.SetVariable - SetVariable with one existing variable but Data area is changed due to different key and valid, the call should return EFI_SECURITY_VIOLATION",
                    "sub_Test_GUID": "A2D53DEA-8275-4B9A-BDA0-AC86FB4E0F30",
                    "sub_test_result": "PASSED",
                    "sub_Test_Path": "/data_sda/cherat01/ATEG/System_Complaince/DT_DAILY_BUILD/arm-systemready/SystemReady-devicetree-band/Yocto/meta-woden/build/tmp/work/armv8a-oe-linux/ebbr-sct/1.0/edk2-test/SctPkg/TestCase/UEFI/EFI/RuntimeServices/VariableServices/BlackBoxTest/AuthVariableServicesBBTestFunction.c:840:Status - 80000000000RT.SetVariable - The Time Base Auth Variable Append operation should succeed -- PASS",
                    "reason": "Status - 80000000000RT.SetVariable - The Time Base Auth Variable Append operation should succeed -- PASS"
                },
                {
                    "sub_Test_Number": "9",
                    "sub_Test_Description": "SetVariable - The Time Base Auth Variable Append operation should succeed",
                    "sub_Test_GUID": "28C7F0DB-2546-4374-8FF9-7580C4689B93",
                    "sub_test_result": "PASSED",
                    "sub_Test_Path": "/data_sda/cherat01/ATEG/System_Complaince/DT_DAILY_BUILD/arm-systemready/SystemReady-devicetree-band/Yocto/meta-woden/build/tmp/work/armv8a-oe-linux/ebbr-sct/1.0/edk2-test/SctPkg/TestCase/UEFI/EFI/RuntimeServices/VariableServices/BlackBoxTest/AuthVariableServicesBBTestFunction.c:868:Status - Success",
                    "reason": "Status - Success"
                },
                {
                    "sub_Test_Number": "10",
                    "sub_Test_Description": "RT.SetVariable - The Appended Time Base Auth Variable should pass the data validation",
                    "sub_Test_GUID": "1E87DBE9-234B-4C82-8C86-2F26FAC6602E",
                    "sub_test_result": "PASSED",
                    "sub_Test_Path": "/data_sda/cherat01/ATEG/System_Complaince/DT_DAILY_BUILD/arm-systemready/SystemReady-devicetree-band/Yocto/meta-woden/build/tmp/work/armv8a-oe-linux/ebbr-sct/1.0/edk2-test/SctPkg/TestCase/UEFI/EFI/RuntimeServices/VariableServices/BlackBoxTest/AuthVariableServicesBBTestFunction.c:904:Status - Success",
                    "reason": "Status - Success"
                },
                {
                    "sub_Test_Number": "11",
                    "sub_Test_Description": "RT.SetVariable - Del Time Base Auth Variable, the expect return status should be EFI_SUCCESS",
                    "sub_Test_GUID": "3CC4ADD2-0ED7-4837-B463-BC46D13B2F65",
                    "sub_test_result": "PASSED",
                    "sub_Test_Path": "/data_sda/cherat01/ATEG/System_Complaince/DT_DAILY_BUILD/arm-systemready/SystemReady-devicetree-band/Yocto/meta-woden/build/tmp/work/armv8a-oe-linux/ebbr-sct/1.0/edk2-test/SctPkg/TestCase/UEFI/EFI/RuntimeServices/VariableServices/BlackBoxTest/AuthVariableServicesBBTestFunction.c:933:Status - Success",
                    "reason": "Status - Success"
                },
                {
                    "sub_Test_Number": "12",
                    "sub_Test_Description": "RT.SetVariable - The Deleted Time Base Auth Variable should not be found",
                    "sub_Test_GUID": "FA50A705-5D95-4CAD-B46C-A0129B68228E",
                    "sub_test_result": "PASSED",
                    "sub_Test_Path": "/data_sda/cherat01/ATEG/System_Complaince/DT_DAILY_BUILD/arm-systemready/SystemReady-devicetree-band/Yocto/meta-woden/build/tmp/work/armv8a-oe-linux/ebbr-sct/1.0/edk2-test/SctPkg/TestCase/UEFI/EFI/RuntimeServices/VariableServices/BlackBoxTest/AuthVariableServicesBBTestFunction.c:964:Status - Not Found",
                    "reason": "Status - Not Found"
                },
                {
                    "sub_Test_Number": "13",
                    "sub_Test_Description": "RT.SetVariable - SetVariable with one different key after the original variable is deleted, the return status should be EFI_SUCCESS",
                    "sub_Test_GUID": "27E8E4DE-56ED-4710-A63A-C635E39D3364",
                    "sub_test_result": "PASSED",
                    "sub_Test_Path": "/data_sda/cherat01/ATEG/System_Complaince/DT_DAILY_BUILD/arm-systemready/SystemReady-devicetree-band/Yocto/meta-woden/build/tmp/work/armv8a-oe-linux/ebbr-sct/1.0/edk2-test/SctPkg/TestCase/UEFI/EFI/RuntimeServices/VariableServices/BlackBoxTest/AuthVariableServicesBBTestFunction.c:992:Status - Success",
                    "reason": "Status - Success"
                },
                {
                    "sub_Test_Number": "14",
                    "sub_Test_Description": "RT.SetVariable - The Time Base Auth Variable Append operation should succeed",
                    "sub_Test_GUID": "BA99E7F8-8018-46A2-B2E5-8BDE42C1E6D5",
                    "sub_test_result": "PASSED",
                    "sub_Test_Path": "/data_sda/cherat01/ATEG/System_Complaince/DT_DAILY_BUILD/arm-systemready/SystemReady-devicetree-band/Yocto/meta-woden/build/tmp/work/armv8a-oe-linux/ebbr-sct/1.0/edk2-test/SctPkg/TestCase/UEFI/EFI/RuntimeServices/VariableServices/BlackBoxTest/AuthVariableServicesBBTestFunction.c:1020:Status - Success",
                    "reason": "Status - Success"
                },
                {
                    "sub_Test_Number": "15",
                    "sub_Test_Description": "RT.SetVariable - SetVariable with one old timestamp, the return status should be EFI_SECURITY_VIOLATION",
                    "sub_Test_GUID": "C764906D-73BB-44B7-AE40-0C51DEC3C751",
                    "sub_test_result": "PASSED",
                    "sub_Test_Path": "/data_sda/cherat01/ATEG/System_Complaince/DT_DAILY_BUILD/arm-systemready/SystemReady-devicetree-band/Yocto/meta-woden/build/tmp/work/armv8a-oe-linux/ebbr-sct/1.0/edk2-test/SctPkg/TestCase/UEFI/EFI/RuntimeServices/VariableServices/BlackBoxTest/AuthVariableServicesBBTestFunction.c:1049:Status - 800000000000001A",
                    "reason": "Status - 800000000000001A"
                },
                {
                    "sub_Test_Number": "16",
                    "sub_Test_Description": "RT.SetVariable - Del Time Base Auth Variable, the expect return status should be EFI_SUCCESS",
                    "sub_Test_GUID": "1A28FA01-135C-4AEB-A1B4-686A0B53B209",
                    "sub_test_result": "PASSED",
                    "sub_Test_Path": "/data_sda/cherat01/ATEG/System_Complaince/DT_DAILY_BUILD/arm-systemready/SystemReady-devicetree-band/Yocto/meta-woden/build/tmp/work/armv8a-oe-linux/ebbr-sct/1.0/edk2-test/SctPkg/TestCase/UEFI/EFI/RuntimeServices/VariableServices/BlackBoxTest/AuthVariableServicesBBTestFunction.c:1078:Status - Success",
                    "reason": "Status - Success"
                }
            ],
            "test_case_summary": {
                "total_passed": 16,
                "total_failed": 0,
                "total_failed_with_waiver": 0,
                "total_aborted": 0,
                "total_skipped": 0,
                "total_warnings": 0,
                "total_ignored": 0
            }
        },
        {
            "Test_suite": "RuntimeServicesTest",
            "Sub_test_suite": "BBSRVariableSizeTest",
            "Test_case": "BBSRVariableSizeTest_func",
            "Test_case_description": "Test that UEFI variable size requirements of BBSR are met.",
            "Test Entry Point GUID": "19A9EDCF-EEB9-43E4-86A0-F28734FED429",
            "Returned Status Code": "Success",
            "test_result": "FAILED",
            "reason": "",
            "subtests": [
                {
                    "sub_Test_Number": "1",
                    "sub_Test_Description": "RT.SecurityVariableSizeTest - BBSR Variable Size test",
                    "sub_Test_GUID": "B6DC17CA-71E1-4BD5-9E76-F9A0847D9AE4",
                    "sub_test_result": "FAILED",
                    "sub_Test_Path": "/data_sda/cherat01/ATEG/System_Complaince/DT_DAILY_BUILD/arm-systemready/SystemReady-devicetree-band/Yocto/meta-woden/build/tmp/work/armv8a-oe-linux/ebbr-sct/1.0/edk2-test/SctPkg/TestCase/UEFI/EFI/RuntimeServices/BBSRVariableSizeTest/BlackBoxTest/BBSRVariableSizeBBTestFunction.c:164:",
                    "reason": ""
                },
                {
                    "sub_Test_Number": "2",
                    "sub_Test_Description": "RT.SecurityVariableSizeTest - BBSR Variable Size test",
                    "sub_Test_GUID": "9B37033F-53AF-4097-AAE3-73FD28D267D5",
                    "sub_test_result": "FAILED",
                    "sub_Test_Path": "/data_sda/cherat01/ATEG/System_Complaince/DT_DAILY_BUILD/arm-systemready/SystemReady-devicetree-band/Yocto/meta-woden/build/tmp/work/armv8a-oe-linux/ebbr-sct/1.0/edk2-test/SctPkg/TestCase/UEFI/EFI/RuntimeServices/BBSRVariableSizeTest/BlackBoxTest/BBSRVariableSizeBBTestFunction.c:194:",
                    "reason": ""
                }
            ],
            "test_case_summary": {
                "total_passed": 0,
                "total_failed": 2,
                "total_failed_with_waiver": 0,
                "total_aborted": 0,
                "total_skipped": 0,
                "total_warnings": 0,
                "total_ignored": 0
            }
        },
        {
            "Test_suite": "RuntimeServicesTest",
            "Sub_test_suite": "SecureBootTest",
            "Test_case": "ImageLoading",
            "Test_case_description": "Verifies Secure Boot image loading.",
            "Test Entry Point GUID": "BA4A8DD9-2D6A-43A6-96CF-7947892B7359",
            "Returned Status Code": "Success",
            "test_result": "FAILED",
            "reason": "",
            "subtests": [
                {
                    "sub_Test_Number": "1",
                    "sub_Test_Description": "SecureBoot - Verify load of unsigned image.",
                    "sub_Test_GUID": "6C605B08-2AB7-4681-9F2F-74D08D964E35",
                    "sub_test_result": "PASSED",
                    "sub_Test_Path": "/data_sda/cherat01/ATEG/System_Complaince/DT_DAILY_BUILD/arm-systemready/SystemReady-devicetree-band/Yocto/meta-woden/build/tmp/work/armv8a-oe-linux/ebbr-sct/1.0/edk2-test/SctPkg/TestCase/UEFI/EFI/RuntimeServices/SecureBoot/BlackBoxTest/ImageLoadingBBTest.c:571:Status - 800000000000001A",
                    "reason": "Status - 800000000000001A"
                },
                {
                    "sub_Test_Number": "2",
                    "sub_Test_Description": "SecureBoot - Verify load of signed image, but no cert in db.",
                    "sub_Test_GUID": "34DAA12D-302B-4AFD-9F1F-CB552E5948BE",
                    "sub_test_result": "PASSED",
                    "sub_Test_Path": "/data_sda/cherat01/ATEG/System_Complaince/DT_DAILY_BUILD/arm-systemready/SystemReady-devicetree-band/Yocto/meta-woden/build/tmp/work/armv8a-oe-linux/ebbr-sct/1.0/edk2-test/SctPkg/TestCase/UEFI/EFI/RuntimeServices/SecureBoot/BlackBoxTest/ImageLoadingBBTest.c:611:Status - 800000000000001A",
                    "reason": "Status - 800000000000001A"
                },
                {
                    "sub_Test_Number": "3",
                    "sub_Test_Description": "SecureBoot - Verify load of signed image, first certificate in db.",
                    "sub_Test_GUID": "5E1C06CB-F84A-4B38-8096-2F7B9591BB3A",
                    "sub_test_result": "PASSED",
                    "sub_Test_Path": "/data_sda/cherat01/ATEG/System_Complaince/DT_DAILY_BUILD/arm-systemready/SystemReady-devicetree-band/Yocto/meta-woden/build/tmp/work/armv8a-oe-linux/ebbr-sct/1.0/edk2-test/SctPkg/TestCase/UEFI/EFI/RuntimeServices/SecureBoot/BlackBoxTest/ImageLoadingBBTest.c:648:Status - Success",
                    "reason": "Status - Success"
                },
                {
                    "sub_Test_Number": "4",
                    "sub_Test_Description": "SecureBoot - Verify load of signed image, second certificate in db.",
                    "sub_Test_GUID": "85F7E35E-E333-4D44-83F8-03394189F3B2",
                    "sub_test_result": "PASSED",
                    "sub_Test_Path": "/data_sda/cherat01/ATEG/System_Complaince/DT_DAILY_BUILD/arm-systemready/SystemReady-devicetree-band/Yocto/meta-woden/build/tmp/work/armv8a-oe-linux/ebbr-sct/1.0/edk2-test/SctPkg/TestCase/UEFI/EFI/RuntimeServices/SecureBoot/BlackBoxTest/ImageLoadingBBTest.c:685:Status - Success",
                    "reason": "Status - Success"
                },
                {
                    "sub_Test_Number": "5",
                    "sub_Test_Description": "SecureBoot - Verify load of unsigned image with hash in db.",
                    "sub_Test_GUID": "AA8167AE-F03A-4074-B278-D6F1290A86A7",
                    "sub_test_result": "PASSED",
                    "sub_Test_Path": "/data_sda/cherat01/ATEG/System_Complaince/DT_DAILY_BUILD/arm-systemready/SystemReady-devicetree-band/Yocto/meta-woden/build/tmp/work/armv8a-oe-linux/ebbr-sct/1.0/edk2-test/SctPkg/TestCase/UEFI/EFI/RuntimeServices/SecureBoot/BlackBoxTest/ImageLoadingBBTest.c:722:Status - Success",
                    "reason": "Status - Success"
                },
                {
                    "sub_Test_Number": "6",
                    "sub_Test_Description": "SecureBoot - Verify load of image containing multiple signatures.",
                    "sub_Test_GUID": "29ACBB98-DABE-43C1-8D9C-51AF51D41F75",
                    "sub_test_result": "PASSED",
                    "sub_Test_Path": "/data_sda/cherat01/ATEG/System_Complaince/DT_DAILY_BUILD/arm-systemready/SystemReady-devicetree-band/Yocto/meta-woden/build/tmp/work/armv8a-oe-linux/ebbr-sct/1.0/edk2-test/SctPkg/TestCase/UEFI/EFI/RuntimeServices/SecureBoot/BlackBoxTest/ImageLoadingBBTest.c:871:Status - Success",
                    "reason": "Status - Success"
                },
                {
                    "sub_Test_Number": "7",
                    "sub_Test_Description": "SecureBoot - Verify load of signed image with certificate in db and revoked in dbx with SHA256 hash.",
                    "sub_Test_GUID": "B62A25F4-C24E-4853-9AD1-8B3FC59B29D7",
                    "sub_test_result": "PASSED",
                    "sub_Test_Path": "/data_sda/cherat01/ATEG/System_Complaince/DT_DAILY_BUILD/arm-systemready/SystemReady-devicetree-band/Yocto/meta-woden/build/tmp/work/armv8a-oe-linux/ebbr-sct/1.0/edk2-test/SctPkg/TestCase/UEFI/EFI/RuntimeServices/SecureBoot/BlackBoxTest/ImageLoadingBBTest.c:956:Status - 800000000000001A",
                    "reason": "Status - 800000000000001A"
                },
                {
                    "sub_Test_Number": "8",
                    "sub_Test_Description": "SecureBoot - Verify load of signed image with certificate in db and revoked in dbx with SHA384 hash.",
                    "sub_Test_GUID": "F3FAC69F-E843-431F-9276-361105FD2EED",
                    "sub_test_result": "PASSED",
                    "sub_Test_Path": "/data_sda/cherat01/ATEG/System_Complaince/DT_DAILY_BUILD/arm-systemready/SystemReady-devicetree-band/Yocto/meta-woden/build/tmp/work/armv8a-oe-linux/ebbr-sct/1.0/edk2-test/SctPkg/TestCase/UEFI/EFI/RuntimeServices/SecureBoot/BlackBoxTest/ImageLoadingBBTest.c:996:Status - 800000000000001A",
                    "reason": "Status - 800000000000001A"
                },
                {
                    "sub_Test_Number": "9",
                    "sub_Test_Description": "SecureBoot - Verify load of signed image with certificate in db and revoked in dbx with SHA512 hash.",
                    "sub_Test_GUID": "71BA975A-019A-4A80-A113-8373963186B6",
                    "sub_test_result": "PASSED",
                    "sub_Test_Path": "/data_sda/cherat01/ATEG/System_Complaince/DT_DAILY_BUILD/arm-systemready/SystemReady-devicetree-band/Yocto/meta-woden/build/tmp/work/armv8a-oe-linux/ebbr-sct/1.0/edk2-test/SctPkg/TestCase/UEFI/EFI/RuntimeServices/SecureBoot/BlackBoxTest/ImageLoadingBBTest.c:1036:Status - 800000000000001A",
                    "reason": "Status - 800000000000001A"
                },
                {
                    "sub_Test_Number": "10",
                    "sub_Test_Description": "SecureBoot - Verify load of signed image with certificate in db and revoked in dbx with certificate.",
                    "sub_Test_GUID": "54E33072-43D2-4FBF-B44E-1D1CE7F71AD2",
                    "sub_test_result": "PASSED",
                    "sub_Test_Path": "/data_sda/cherat01/ATEG/System_Complaince/DT_DAILY_BUILD/arm-systemready/SystemReady-devicetree-band/Yocto/meta-woden/build/tmp/work/armv8a-oe-linux/ebbr-sct/1.0/edk2-test/SctPkg/TestCase/UEFI/EFI/RuntimeServices/SecureBoot/BlackBoxTest/ImageLoadingBBTest.c:1076:Status - 800000000000001A",
                    "reason": "Status - 800000000000001A"
                },
                {
                    "sub_Test_Number": "11",
                    "sub_Test_Description": "SecureBoot - Verify load of signed image with certificate in db and revoked in dbx with hash of image.",
                    "sub_Test_GUID": "20A23F21-31F1-4264-A6CB-7DC7E6963C63",
                    "sub_test_result": "PASSED",
                    "sub_Test_Path": "/data_sda/cherat01/ATEG/System_Complaince/DT_DAILY_BUILD/arm-systemready/SystemReady-devicetree-band/Yocto/meta-woden/build/tmp/work/armv8a-oe-linux/ebbr-sct/1.0/edk2-test/SctPkg/TestCase/UEFI/EFI/RuntimeServices/SecureBoot/BlackBoxTest/ImageLoadingBBTest.c:1116:Status - 800000000000001A",
                    "reason": "Status - 800000000000001A"
                },
                {
                    "sub_Test_Number": "12",
                    "sub_Test_Description": "SecureBoot - SecureBoot - Verify load of image containing multiple signatures, second cert in dbx.",
                    "sub_Test_GUID": "E88E687D-FD1C-486E-A416-8F103C5CE0D0",
                    "sub_test_result": "PASSED",
                    "sub_Test_Path": "/data_sda/cherat01/ATEG/System_Complaince/DT_DAILY_BUILD/arm-systemready/SystemReady-devicetree-band/Yocto/meta-woden/build/tmp/work/armv8a-oe-linux/ebbr-sct/1.0/edk2-test/SctPkg/TestCase/UEFI/EFI/RuntimeServices/SecureBoot/BlackBoxTest/ImageLoadingBBTest.c:1155:Status - 800000000000001A",
                    "reason": "Status - 800000000000001A"
                },
                {
                    "sub_Test_Number": "13",
                    "sub_Test_Description": "Secure Boot - ImageLoadingTest: EFI Image Execution Info Table not found",
                    "sub_Test_GUID": "6A8CAA83-B9DA-46C7-98F6-D4969DABDAA0",
                    "sub_test_result": "FAILED",
                    "sub_Test_Path": "/data_sda/cherat01/ATEG/System_Complaince/DT_DAILY_BUILD/arm-systemready/SystemReady-devicetree-band/Yocto/meta-woden/build/tmp/work/armv8a-oe-linux/ebbr-sct/1.0/edk2-test/SctPkg/TestCase/UEFI/EFI/RuntimeServices/SecureBoot/BlackBoxTest/ImageLoadingBBTest.c:1263:Status - Not Found",
                    "reason": "Status - Not Found"
                }
            ],
            "test_case_summary": {
                "total_passed": 12,
                "total_failed": 1,
                "total_failed_with_waiver": 0,
                "total_aborted": 0,
                "total_skipped": 0,
                "total_warnings": 0,
                "total_ignored": 0
            }
        },
        {
            "Test_suite": "RuntimeServicesTest",
            "Sub_test_suite": "TCGMemoryOverwriteRequestTest",
            "Test_case": "Test MOR and MORLOCK",
            "Test_case_description": "Test for MOR and MORLOCK EFI variables in accordance with TCG spec",
            "Test Entry Point GUID": "2104436A-77C8-4514-B7D7-AA8A6BD18DA4",
            "Returned Status Code": "Not Found",
            "test_result": "FAILED",
            "reason": "",
            "subtests": [
                {
                    "sub_Test_Number": "1",
                    "sub_Test_Description": "MemoryOverwriteRequestControl - Validate that the MOR Variable is created by the platform in accordance with TCG Spec",
                    "sub_Test_GUID": "D1C31D5F-944F-434C-8826-A6FB00D4BB97",
                    "sub_test_result": "FAILED",
                    "sub_Test_Path": "/data_sda/cherat01/ATEG/System_Complaince/DT_DAILY_BUILD/arm-systemready/SystemReady-devicetree-band/Yocto/meta-woden/build/tmp/work/armv8a-oe-linux/ebbr-sct/1.0/edk2-test/SctPkg/TestCase/UEFI/EFI/RuntimeServices/TCGMemoryOverwriteRequest/BlackBoxTest/TCGMemoryOverwriteRequestBBTestFunction.c:352:Status - Not Found, DataSize - 1, Attributes",
                    "reason": "Status - Not Found, DataSize - 1, Attributes"
                }
            ],
            "test_case_summary": {
                "total_passed": 0,
                "total_failed": 1,
                "total_failed_with_waiver": 0,
                "total_aborted": 0,
                "total_skipped": 0,
                "total_warnings": 0,
                "total_ignored": 0
            }
        },
        {
            "Test_suite": "PlatformResetAttackMitigationPsciTest",
            "Sub_test_suite": "PlatformResetAttackMitigationPsciTest_func",
            "Test_case": "PlatformResetAttackMitigationPsciTest_func",
            "Test_case_description": "Test whether Platform Reset Attack Mitigation implemented with PSCI",
            "Test Entry Point GUID": "F4FC5DE8-7BA2-422C-A55B-4F760ED6A85D",
            "Returned Status Code": "Success",
            "test_result": "NOT SUPPORTED",
            "reason": "",
            "subtests": [
                {
                    "sub_Test_Number": "1",
                    "sub_Test_Description": "Platfrom Reset Attack prevention support via PSCI",
                    "sub_Test_GUID": "24D2D671-EA3D-4C67-BAA2-736BEB0966F9",
                    "sub_test_result": "WARNING",
                    "sub_Test_Path": "/data_sda/cherat01/ATEG/System_Complaince/DT_DAILY_BUILD/arm-systemready/SystemReady-devicetree-band/Yocto/meta-woden/build/tmp/work/armv8a-oe-linux/ebbr-sct/1.0/edk2-test/SctPkg/TestCase/UEFI/EFI/Generic/PlatformResetAttackMitigationPsciTest/BlackBoxTest/PlatformResetAttackMitigationPsciBBTestFunction.c:156:",
                    "reason": ""
                }
            ],
            "test_case_summary": {
                "total_passed": 0,
                "total_failed": 0,
                "total_failed_with_waiver": 0,
                "total_aborted": 0,
                "total_skipped": 0,
                "total_warnings": 1,
                "total_ignored": 0
            }
        }
    ],
    "suite_summary": {
        "total_passed": 80,
        "total_failed": 4,
        "total_failed_with_waiver": 0,
        "total_aborted": 0,
        "total_skipped": 0,
        "total_warnings": 5,
        "total_ignored": 0
    }
}