{
    "test_results": [
        {
            "Test_suite": "GIC",
            "testcases": [
                {
                    "Test_case": "B_GIC_01 : 201",
                    "Test_case_description": "Check GIC version",
                    "Test_result": "PASSED",
                    "Test_case_summary": {
                        "Total Rules Run": 1,
                        "Passed": 1,
                        "Passed (Partial)": 0,
                        "Warnings": 0,
                        "Skipped": 0,
                        "Failed": 0,
                        "PAL Not Supported": 0,
                        "Not Implemented": 0,
                        "Total_failed_with_waiver": 0
                    }
                },
                {
                    "Test_case": "B_GIC_02 : 202",
                    "Test_case_description": "Check GICv2 Valid Configuration",
                    "Test_result": "SKIPPED",
                    "Test_case_summary": {
                        "Total Rules Run": 1,
                        "Passed": 0,
                        "Passed (Partial)": 0,
                        "Warnings": 0,
                        "Skipped": 1,
                        "Failed": 0,
                        "PAL Not Supported": 0,
                        "Not Implemented": 0,
                        "Total_failed_with_waiver": 0
                    }
                },
                {
                    "Test_case": "B_GIC_03 : 203",
                    "Test_case_description": "If PCIe, GICv3 then ITS, LPI",
                    "Test_result": "SKIPPED",
                    "Test_case_summary": {
                        "Total Rules Run": 1,
                        "Passed": 0,
                        "Passed (Partial)": 0,
                        "Warnings": 0,
                        "Skipped": 1,
                        "Failed": 0,
                        "PAL Not Supported": 0,
                        "Not Implemented": 0,
                        "Total_failed_with_waiver": 0
                    }
                },
                {
                    "Test_case": "B_GIC_04 : 204",
                    "Test_case_description": "Check GICv3 Security States",
                    "Test_result": "PASSED",
                    "Test_case_summary": {
                        "Total Rules Run": 1,
                        "Passed": 1,
                        "Passed (Partial)": 0,
                        "Warnings": 0,
                        "Skipped": 0,
                        "Failed": 0,
                        "PAL Not Supported": 0,
                        "Not Implemented": 0,
                        "Total_failed_with_waiver": 0
                    }
                },
                {
                    "Test_case": "B_GIC_05 : 205",
                    "Test_case_description": "Non-secure SGIs are implemented",
                    "Test_result": "PASSED",
                    "Test_case_summary": {
                        "Total Rules Run": 1,
                        "Passed": 1,
                        "Passed (Partial)": 0,
                        "Warnings": 0,
                        "Skipped": 0,
                        "Failed": 0,
                        "PAL Not Supported": 0,
                        "Not Implemented": 0,
                        "Total_failed_with_waiver": 0
                    }
                },
                {
                    "Test_case": "B_PPI_00 : -",
                    "Test_case_description": "PPI Assignments check",
                    "Test_result": "SKIPPED",
                    "Test_case_summary": {
                        "Total Rules Run": 1,
                        "Passed": 0,
                        "Passed (Partial)": 0,
                        "Warnings": 0,
                        "Skipped": 1,
                        "Failed": 0,
                        "PAL Not Supported": 0,
                        "Not Implemented": 0,
                        "Total_failed_with_waiver": 0
                    }
                }
            ],
            "test_suite_summary": {
                "Total Rules Run": 6,
                "Passed": 3,
                "Passed (Partial)": 0,
                "Warnings": 0,
                "Skipped": 3,
                "Failed": 0,
                "PAL Not Supported": 0,
                "Not Implemented": 0,
                "Total_failed_with_waiver": 0
            }
        },
        {
            "Test_suite": "MEM_MAP",
            "testcases": [
                {
                    "Test_case": "B_MEM_01 : 102",
                    "Test_case_description": "Mem Access Response in finite time",
                    "Test_result": "PASSED",
                    "Test_case_summary": {
                        "Total Rules Run": 1,
                        "Passed": 1,
                        "Passed (Partial)": 0,
                        "Warnings": 0,
                        "Skipped": 0,
                        "Failed": 0,
                        "PAL Not Supported": 0,
                        "Not Implemented": 0,
                        "Total_failed_with_waiver": 0
                    }
                },
                {
                    "Test_case": "B_MEM_02 : 101",
                    "Test_case_description": "Memory Access to Un-Populated addr",
                    "Test_result": "NOT TESTED (PAL NOT SUPPORTED)",
                    "Test_case_summary": {
                        "Total Rules Run": 1,
                        "Passed": 0,
                        "Passed (Partial)": 0,
                        "Warnings": 0,
                        "Skipped": 0,
                        "Failed": 0,
                        "PAL Not Supported": 1,
                        "Not Implemented": 0,
                        "Total_failed_with_waiver": 0
                    }
                },
                {
                    "Test_case": "B_MEM_03 : 104",
                    "Test_case_description": "Check Addressability",
                    "Test_result": "NOT TESTED (PAL NOT SUPPORTED)",
                    "Test_case_summary": {
                        "Total Rules Run": 1,
                        "Passed": 0,
                        "Passed (Partial)": 0,
                        "Warnings": 0,
                        "Skipped": 0,
                        "Failed": 0,
                        "PAL Not Supported": 1,
                        "Not Implemented": 0,
                        "Total_failed_with_waiver": 0
                    }
                },
                {
                    "Test_case": "B_MEM_05 : 103",
                    "Test_case_description": "PE must access all NS addr space",
                    "Test_result": "PASSED",
                    "Test_case_summary": {
                        "Total Rules Run": 1,
                        "Passed": 1,
                        "Passed (Partial)": 0,
                        "Warnings": 0,
                        "Skipped": 0,
                        "Failed": 0,
                        "PAL Not Supported": 0,
                        "Not Implemented": 0,
                        "Total_failed_with_waiver": 0
                    }
                },
                {
                    "Test_case": "B_MEM_06 : 107",
                    "Test_case_description": "Check non-DMA dev behind SMMU",
                    "Test_result": "NOT TESTED (PAL NOT SUPPORTED)",
                    "Test_case_summary": {
                        "Total Rules Run": 1,
                        "Passed": 0,
                        "Passed (Partial)": 0,
                        "Warnings": 0,
                        "Skipped": 0,
                        "Failed": 0,
                        "PAL Not Supported": 1,
                        "Not Implemented": 0,
                        "Total_failed_with_waiver": 0
                    }
                },
                {
                    "Test_case": "B_MEM_07 : -",
                    "Test_case_description": "",
                    "Test_result": "NOT TESTED (TEST NOT IMPLEMENTED)",
                    "Test_case_summary": {
                        "Total Rules Run": 1,
                        "Passed": 0,
                        "Passed (Partial)": 0,
                        "Warnings": 0,
                        "Skipped": 0,
                        "Failed": 0,
                        "PAL Not Supported": 0,
                        "Not Implemented": 1,
                        "Total_failed_with_waiver": 0
                    }
                },
                {
                    "Test_case": "B_MEM_03 : 104",
                    "Test_case_description": "Check Addressability",
                    "Test_result": "SKIPPED",
                    "Test_case_summary": {
                        "Total Rules Run": 1,
                        "Passed": 0,
                        "Passed (Partial)": 0,
                        "Warnings": 0,
                        "Skipped": 1,
                        "Failed": 0,
                        "PAL Not Supported": 0,
                        "Not Implemented": 0,
                        "Total_failed_with_waiver": 0
                    }
                },
                {
                    "Test_case": "B_MEM_06 : 107",
                    "Test_case_description": "Check non-DMA dev behind SMMU",
                    "Test_result": "SKIPPED",
                    "Test_case_summary": {
                        "Total Rules Run": 1,
                        "Passed": 0,
                        "Passed (Partial)": 0,
                        "Warnings": 0,
                        "Skipped": 1,
                        "Failed": 0,
                        "PAL Not Supported": 0,
                        "Not Implemented": 0,
                        "Total_failed_with_waiver": 0
                    }
                }
            ],
            "test_suite_summary": {
                "Total Rules Run": 8,
                "Passed": 2,
                "Passed (Partial)": 0,
                "Warnings": 0,
                "Skipped": 2,
                "Failed": 0,
                "PAL Not Supported": 3,
                "Not Implemented": 1,
                "Total_failed_with_waiver": 0
            }
        },
        {
            "Test_suite": "PCIE",
            "testcases": [
                {
                    "Test_case": "B_PER_08 : -",
                    "Test_case_description": "Check PCI Express root complex",
                    "Test_result": "SKIPPED",
                    "subtests": [
                        {
                            "sub_Test_Number": "PCI_IN_01 : 801",
                            "sub_Rule_ID": "PCI_IN_01",
                            "sub_Test_Description": "Check ECAM Presence",
                            "sub_test_result": "SKIPPED"
                        },
                        {
                            "sub_Test_Number": "PCI_IN_02 : 802",
                            "sub_Rule_ID": "PCI_IN_02",
                            "sub_Test_Description": "Check ECAM Memory accessibility",
                            "sub_test_result": "SKIPPED"
                        },
                        {
                            "sub_Test_Number": "PCI_IN_03 : 838",
                            "sub_Rule_ID": "PCI_IN_03",
                            "sub_Test_Description": "Check all RP in HB is in same ECAM",
                            "sub_test_result": "SKIPPED"
                        },
                        {
                            "sub_Test_Number": "PCI_IN_04 : -",
                            "sub_Rule_ID": "PCI_IN_04",
                            "sub_Test_Description": "All EP/Sw under RP in same ECAM Region",
                            "sub_test_result": "SKIPPED"
                        },
                        {
                            "sub_Test_Number": "PCI_IN_05 : -",
                            "sub_Rule_ID": "PCI_IN_05",
                            "sub_Test_Description": "Type 0/1 common config rule",
                            "sub_test_result": "SKIPPED"
                        },
                        {
                            "sub_Test_Number": "PCI_IN_06 : -",
                            "sub_Rule_ID": "PCI_IN_06",
                            "sub_Test_Description": "",
                            "sub_test_result": "NOT TESTED (TEST NOT IMPLEMENTED)"
                        },
                        {
                            "sub_Test_Number": "PCI_IN_07 : -",
                            "sub_Rule_ID": "PCI_IN_07",
                            "sub_Test_Description": "",
                            "sub_test_result": "NOT TESTED (TEST NOT IMPLEMENTED)"
                        },
                        {
                            "sub_Test_Number": "PCI_IN_08 : -",
                            "sub_Rule_ID": "PCI_IN_08",
                            "sub_Test_Description": "",
                            "sub_test_result": "NOT TESTED (TEST NOT IMPLEMENTED)"
                        },
                        {
                            "sub_Test_Number": "PCI_IN_09 : -",
                            "sub_Rule_ID": "PCI_IN_09",
                            "sub_Test_Description": "",
                            "sub_test_result": "NOT TESTED (TEST NOT IMPLEMENTED)"
                        },
                        {
                            "sub_Test_Number": "PCI_IN_10 : -",
                            "sub_Rule_ID": "PCI_IN_10",
                            "sub_Test_Description": "",
                            "sub_test_result": "NOT TESTED (TEST NOT IMPLEMENTED)"
                        },
                        {
                            "sub_Test_Number": "PCI_IN_11 : 1510",
                            "sub_Rule_ID": "PCI_IN_11",
                            "sub_Test_Description": "Check RP Sec Bus transaction are TYPE0",
                            "sub_test_result": "SKIPPED"
                        },
                        {
                            "sub_Test_Number": "PCI_IN_12 : 837",
                            "sub_Rule_ID": "PCI_IN_12",
                            "sub_Test_Description": "Check Config Txn for RP in HB",
                            "sub_test_result": "SKIPPED"
                        },
                        {
                            "sub_Test_Number": "PCI_IN_13 : -",
                            "sub_Rule_ID": "PCI_IN_13",
                            "sub_Test_Description": "Check RootPort NP Memory Access",
                            "sub_test_result": "NOT TESTED (PAL NOT SUPPORTED)"
                        },
                        {
                            "sub_Test_Number": "PCI_IN_14 : -",
                            "sub_Rule_ID": "PCI_IN_14",
                            "sub_Test_Description": "",
                            "sub_test_result": "NOT TESTED (TEST NOT IMPLEMENTED)"
                        },
                        {
                            "sub_Test_Number": "PCI_IN_15 : -",
                            "sub_Rule_ID": "PCI_IN_15",
                            "sub_Test_Description": "",
                            "sub_test_result": "NOT TESTED (TEST NOT IMPLEMENTED)"
                        },
                        {
                            "sub_Test_Number": "PCI_IN_16 : 808",
                            "sub_Rule_ID": "PCI_IN_16",
                            "sub_Test_Description": "Check all 1's for out of range",
                            "sub_test_result": "SKIPPED"
                        },
                        {
                            "sub_Test_Number": "PCI_IN_17 : -",
                            "sub_Rule_ID": "PCI_IN_17",
                            "sub_Test_Description": "Check ARI forwarding enable rule",
                            "sub_test_result": "SKIPPED"
                        },
                        {
                            "sub_Test_Number": "PCI_IN_18 : 811",
                            "sub_Rule_ID": "PCI_IN_18",
                            "sub_Test_Description": "Check RP Byte Enable Rules",
                            "sub_test_result": "PASSED"
                        },
                        {
                            "sub_Test_Number": "PCI_IN_19 : -",
                            "sub_Rule_ID": "PCI_IN_19",
                            "sub_Test_Description": "Check Cmd Reg memory space enable",
                            "sub_test_result": "SKIPPED"
                        },
                        {
                            "sub_Test_Number": "PCI_IN_20 : 809",
                            "sub_Rule_ID": "PCI_IN_20",
                            "sub_Test_Description": "Vendor specific data is PCIe compliant",
                            "sub_test_result": "SKIPPED"
                        },
                        {
                            "sub_Test_Number": "PCI_MM_01 : -",
                            "sub_Rule_ID": "PCI_MM_01",
                            "sub_Test_Description": "PCIe Device Memory mapping support",
                            "sub_test_result": "SKIPPED"
                        },
                        {
                            "sub_Test_Number": "PCI_MM_02 : -",
                            "sub_Rule_ID": "PCI_MM_02",
                            "sub_Test_Description": "",
                            "sub_test_result": "NOT TESTED (TEST NOT IMPLEMENTED)"
                        },
                        {
                            "sub_Test_Number": "PCI_MM_03 : -",
                            "sub_Rule_ID": "PCI_MM_03",
                            "sub_Test_Description": "PCIe Normal Memory mapping support",
                            "sub_test_result": "SKIPPED"
                        },
                        {
                            "sub_Test_Number": "PCI_MM_04 : 847",
                            "sub_Rule_ID": "PCI_MM_04",
                            "sub_Test_Description": "NP type-1 pcie only support 32-bit",
                            "sub_test_result": "SKIPPED"
                        },
                        {
                            "sub_Test_Number": "PCI_MM_05 : 895",
                            "sub_Rule_ID": "PCI_MM_05",
                            "sub_Test_Description": "PCIe & PE common physical memory view",
                            "sub_test_result": "NOT TESTED (PAL NOT SUPPORTED)"
                        },
                        {
                            "sub_Test_Number": "PCI_MM_06 : -",
                            "sub_Rule_ID": "PCI_MM_06",
                            "sub_Test_Description": "",
                            "sub_test_result": "NOT TESTED (TEST NOT IMPLEMENTED)"
                        },
                        {
                            "sub_Test_Number": "PCI_MM_07 : 905",
                            "sub_Rule_ID": "PCI_MM_07",
                            "sub_Test_Description": "No extra address translation",
                            "sub_test_result": "NOT TESTED (PAL NOT SUPPORTED)"
                        },
                        {
                            "sub_Test_Number": "PCI_MSI_1 : 839",
                            "sub_Rule_ID": "PCI_MSI_1",
                            "sub_Test_Description": "Check MSI support for PCIe dev",
                            "sub_test_result": "SKIPPED"
                        },
                        {
                            "sub_Test_Number": "PCI_MSI_2 : -",
                            "sub_Rule_ID": "PCI_MSI_2",
                            "sub_Test_Description": "Check MSI(X) vectors uniqueness",
                            "sub_test_result": "SKIPPED"
                        },
                        {
                            "sub_Test_Number": "PCI_LI_01 : -",
                            "sub_Rule_ID": "PCI_LI_01",
                            "sub_Test_Description": "Check Legacy Interrupt is SPI",
                            "sub_test_result": "SKIPPED"
                        },
                        {
                            "sub_Test_Number": "PCI_LI_02 : -",
                            "sub_Rule_ID": "PCI_LI_02",
                            "sub_Test_Description": "PCI legacy intr SPI ID unique",
                            "sub_test_result": "SKIPPED"
                        },
                        {
                            "sub_Test_Number": "PCI_LI_03 : -",
                            "sub_Rule_ID": "PCI_LI_03",
                            "sub_Test_Description": "Check Legacy Intr SPI level sensitive",
                            "sub_test_result": "SKIPPED"
                        },
                        {
                            "sub_Test_Number": "PCI_LI_04 : -",
                            "sub_Rule_ID": "PCI_LI_04",
                            "sub_Test_Description": "",
                            "sub_test_result": "NOT TESTED (TEST NOT IMPLEMENTED)"
                        },
                        {
                            "sub_Test_Number": "PCI_SM_01 : -",
                            "sub_Rule_ID": "PCI_SM_01",
                            "sub_Test_Description": "",
                            "sub_test_result": "NOT TESTED (TEST NOT IMPLEMENTED)"
                        },
                        {
                            "sub_Test_Number": "PCI_SM_02 : 835",
                            "sub_Rule_ID": "PCI_SM_02",
                            "sub_Test_Description": "Check Function level reset",
                            "sub_test_result": "SKIPPED"
                        },
                        {
                            "sub_Test_Number": "PCI_IC_11 : -",
                            "sub_Rule_ID": "PCI_IC_11",
                            "sub_Test_Description": "PCIe RC,PE - Same Inr Shareable Domain",
                            "sub_test_result": "SKIPPED"
                        },
                        {
                            "sub_Test_Number": "PCI_IC_12 : -",
                            "sub_Rule_ID": "PCI_IC_12",
                            "sub_Test_Description": "",
                            "sub_test_result": "NOT TESTED (TEST NOT IMPLEMENTED)"
                        },
                        {
                            "sub_Test_Number": "PCI_IC_13 : -",
                            "sub_Rule_ID": "PCI_IC_13",
                            "sub_Test_Description": "",
                            "sub_test_result": "NOT TESTED (TEST NOT IMPLEMENTED)"
                        },
                        {
                            "sub_Test_Number": "PCI_IC_14 : -",
                            "sub_Rule_ID": "PCI_IC_14",
                            "sub_Test_Description": "",
                            "sub_test_result": "NOT TESTED (TEST NOT IMPLEMENTED)"
                        },
                        {
                            "sub_Test_Number": "PCI_IC_15 : 1503",
                            "sub_Rule_ID": "PCI_IC_15",
                            "sub_Test_Description": "Arrival order Check",
                            "sub_test_result": "SKIPPED"
                        },
                        {
                            "sub_Test_Number": "PCI_IC_16 : -",
                            "sub_Rule_ID": "PCI_IC_16",
                            "sub_Test_Description": "",
                            "sub_test_result": "NOT TESTED (TEST NOT IMPLEMENTED)"
                        },
                        {
                            "sub_Test_Number": "PCI_IC_17 : -",
                            "sub_Rule_ID": "PCI_IC_17",
                            "sub_Test_Description": "",
                            "sub_test_result": "NOT TESTED (TEST NOT IMPLEMENTED)"
                        },
                        {
                            "sub_Test_Number": "PCI_IC_18 : -",
                            "sub_Rule_ID": "PCI_IC_18",
                            "sub_Test_Description": "",
                            "sub_test_result": "NOT TESTED (TEST NOT IMPLEMENTED)"
                        },
                        {
                            "sub_Test_Number": "PCI_IO_01 : -",
                            "sub_Rule_ID": "PCI_IO_01",
                            "sub_Test_Description": "",
                            "sub_test_result": "NOT TESTED (TEST NOT IMPLEMENTED)"
                        },
                        {
                            "sub_Test_Number": "PCI_IEP_1 : -",
                            "sub_Rule_ID": "PCI_IEP_1",
                            "sub_Test_Description": "",
                            "sub_test_result": "NOT TESTED (TEST NOT IMPLEMENTED)"
                        },
                        {
                            "sub_Test_Number": "PCI_PP_01 : -",
                            "sub_Rule_ID": "PCI_PP_01",
                            "sub_Test_Description": "",
                            "sub_test_result": "NOT TESTED (TEST NOT IMPLEMENTED)"
                        },
                        {
                            "sub_Test_Number": "PCI_PP_02 : 1514",
                            "sub_Rule_ID": "PCI_PP_02",
                            "sub_Test_Description": "P2P transactions must not deadlock",
                            "sub_test_result": "SKIPPED"
                        },
                        {
                            "sub_Test_Number": "PCI_PP_03 : 819",
                            "sub_Rule_ID": "PCI_PP_03",
                            "sub_Test_Description": "RP must suprt ACS if P2P Txn are allow",
                            "sub_test_result": "SKIPPED"
                        },
                        {
                            "sub_Test_Number": "PCI_PP_04 : -",
                            "sub_Rule_ID": "PCI_PP_04",
                            "sub_Test_Description": "Check P2P ACS Functionality",
                            "sub_test_result": "SKIPPED"
                        },
                        {
                            "sub_Test_Number": "PCI_PP_05 : -",
                            "sub_Rule_ID": "PCI_PP_05",
                            "sub_Test_Description": "Check Direct Transl P2P Support",
                            "sub_test_result": "SKIPPED"
                        },
                        {
                            "sub_Test_Number": "PCI_PP_06 : -",
                            "sub_Rule_ID": "PCI_PP_06",
                            "sub_Test_Description": "",
                            "sub_test_result": "NOT TESTED (TEST NOT IMPLEMENTED)"
                        },
                        {
                            "sub_Test_Number": "PCI_PAS_1 : 842",
                            "sub_Rule_ID": "PCI_PAS_1",
                            "sub_Test_Description": "PASID support atleast 16 bits",
                            "sub_test_result": "SKIPPED"
                        },
                        {
                            "sub_Test_Number": "PCI_PTM_1 : -",
                            "sub_Rule_ID": "PCI_PTM_1",
                            "sub_Test_Description": "",
                            "sub_test_result": "NOT TESTED (TEST NOT IMPLEMENTED)"
                        }
                    ],
                    "Test_case_summary": {
                        "Total Rules Run": 1,
                        "Passed": 0,
                        "Passed (Partial)": 0,
                        "Warnings": 0,
                        "Skipped": 1,
                        "Failed": 0,
                        "PAL Not Supported": 0,
                        "Not Implemented": 0,
                        "Total_failed_with_waiver": 0
                    }
                },
                {
                    "Test_case": "B_PER_12 : 821",
                    "Test_case_description": "Type 0 config header rules",
                    "Test_result": "SKIPPED",
                    "Test_case_summary": {
                        "Total Rules Run": 1,
                        "Passed": 0,
                        "Passed (Partial)": 0,
                        "Warnings": 0,
                        "Skipped": 1,
                        "Failed": 0,
                        "PAL Not Supported": 0,
                        "Not Implemented": 0,
                        "Total_failed_with_waiver": 0
                    }
                },
                {
                    "Test_case": "PCI_IN_01 : 801",
                    "Test_case_description": "Check ECAM Presence",
                    "Test_result": "SKIPPED",
                    "Test_case_summary": {
                        "Total Rules Run": 1,
                        "Passed": 0,
                        "Passed (Partial)": 0,
                        "Warnings": 0,
                        "Skipped": 1,
                        "Failed": 0,
                        "PAL Not Supported": 0,
                        "Not Implemented": 0,
                        "Total_failed_with_waiver": 0
                    }
                },
                {
                    "Test_case": "PCI_MM_01 : -",
                    "Test_case_description": "PCIe Device Memory mapping support",
                    "Test_result": "SKIPPED",
                    "Test_case_summary": {
                        "Total Rules Run": 1,
                        "Passed": 0,
                        "Passed (Partial)": 0,
                        "Warnings": 0,
                        "Skipped": 1,
                        "Failed": 0,
                        "PAL Not Supported": 0,
                        "Not Implemented": 0,
                        "Total_failed_with_waiver": 0
                    }
                },
                {
                    "Test_case": "PCI_MM_03 : -",
                    "Test_case_description": "PCIe Normal Memory mapping support",
                    "Test_result": "SKIPPED",
                    "Test_case_summary": {
                        "Total Rules Run": 1,
                        "Passed": 0,
                        "Passed (Partial)": 0,
                        "Warnings": 0,
                        "Skipped": 1,
                        "Failed": 0,
                        "PAL Not Supported": 0,
                        "Not Implemented": 0,
                        "Total_failed_with_waiver": 0
                    }
                },
                {
                    "Test_case": "PCI_MM_05 : 895",
                    "Test_case_description": "PCIe & PE common physical memory view",
                    "Test_result": "SKIPPED",
                    "Test_case_summary": {
                        "Total Rules Run": 1,
                        "Passed": 0,
                        "Passed (Partial)": 0,
                        "Warnings": 0,
                        "Skipped": 1,
                        "Failed": 0,
                        "PAL Not Supported": 0,
                        "Not Implemented": 0,
                        "Total_failed_with_waiver": 0
                    }
                },
                {
                    "Test_case": "PCI_MM_07 : 905",
                    "Test_case_description": "No extra address translation",
                    "Test_result": "SKIPPED",
                    "Test_case_summary": {
                        "Total Rules Run": 1,
                        "Passed": 0,
                        "Passed (Partial)": 0,
                        "Warnings": 0,
                        "Skipped": 1,
                        "Failed": 0,
                        "PAL Not Supported": 0,
                        "Not Implemented": 0,
                        "Total_failed_with_waiver": 0
                    }
                },
                {
                    "Test_case": "PCI_MSI_2 : -",
                    "Test_case_description": "Check MSI(X) vectors uniqueness",
                    "Test_result": "SKIPPED",
                    "Test_case_summary": {
                        "Total Rules Run": 1,
                        "Passed": 0,
                        "Passed (Partial)": 0,
                        "Warnings": 0,
                        "Skipped": 1,
                        "Failed": 0,
                        "PAL Not Supported": 0,
                        "Not Implemented": 0,
                        "Total_failed_with_waiver": 0
                    }
                },
                {
                    "Test_case": "PCI_LI_02 : -",
                    "Test_case_description": "PCI legacy intr SPI ID unique",
                    "Test_result": "SKIPPED",
                    "Test_case_summary": {
                        "Total Rules Run": 1,
                        "Passed": 0,
                        "Passed (Partial)": 0,
                        "Warnings": 0,
                        "Skipped": 1,
                        "Failed": 0,
                        "PAL Not Supported": 0,
                        "Not Implemented": 0,
                        "Total_failed_with_waiver": 0
                    }
                },
                {
                    "Test_case": "B_PER_08 : -",
                    "Test_case_description": "Check PCI Express root complex",
                    "Test_result": "SKIPPED",
                    "Test_case_summary": {
                        "Total Rules Run": 1,
                        "Passed": 0,
                        "Passed (Partial)": 0,
                        "Warnings": 0,
                        "Skipped": 1,
                        "Failed": 0,
                        "PAL Not Supported": 0,
                        "Not Implemented": 0,
                        "Total_failed_with_waiver": 0
                    }
                },
                {
                    "Test_case": "B_PCIe_11 : 891",
                    "Test_case_description": "Steering Tag value properties",
                    "Test_result": "PASSED",
                    "Test_case_summary": {
                        "Total Rules Run": 1,
                        "Passed": 1,
                        "Passed (Partial)": 0,
                        "Warnings": 0,
                        "Skipped": 0,
                        "Failed": 0,
                        "PAL Not Supported": 0,
                        "Not Implemented": 0,
                        "Total_failed_with_waiver": 0
                    }
                },
                {
                    "Test_case": "PCI_IN_01 : 801",
                    "Test_case_description": "Check ECAM Presence",
                    "Test_result": "SKIPPED",
                    "Test_case_summary": {
                        "Total Rules Run": 1,
                        "Passed": 0,
                        "Passed (Partial)": 0,
                        "Warnings": 0,
                        "Skipped": 1,
                        "Failed": 0,
                        "PAL Not Supported": 0,
                        "Not Implemented": 0,
                        "Total_failed_with_waiver": 0
                    }
                },
                {
                    "Test_case": "PCI_MM_01 : -",
                    "Test_case_description": "PCIe Device Memory mapping support",
                    "Test_result": "SKIPPED",
                    "Test_case_summary": {
                        "Total Rules Run": 1,
                        "Passed": 0,
                        "Passed (Partial)": 0,
                        "Warnings": 0,
                        "Skipped": 1,
                        "Failed": 0,
                        "PAL Not Supported": 0,
                        "Not Implemented": 0,
                        "Total_failed_with_waiver": 0
                    }
                },
                {
                    "Test_case": "PCI_MM_03 : -",
                    "Test_case_description": "PCIe Normal Memory mapping support",
                    "Test_result": "SKIPPED",
                    "Test_case_summary": {
                        "Total Rules Run": 1,
                        "Passed": 0,
                        "Passed (Partial)": 0,
                        "Warnings": 0,
                        "Skipped": 1,
                        "Failed": 0,
                        "PAL Not Supported": 0,
                        "Not Implemented": 0,
                        "Total_failed_with_waiver": 0
                    }
                },
                {
                    "Test_case": "PCI_MM_05 : 895",
                    "Test_case_description": "PCIe & PE common physical memory view",
                    "Test_result": "SKIPPED",
                    "Test_case_summary": {
                        "Total Rules Run": 1,
                        "Passed": 0,
                        "Passed (Partial)": 0,
                        "Warnings": 0,
                        "Skipped": 1,
                        "Failed": 0,
                        "PAL Not Supported": 0,
                        "Not Implemented": 0,
                        "Total_failed_with_waiver": 0
                    }
                },
                {
                    "Test_case": "PCI_MM_07 : 905",
                    "Test_case_description": "No extra address translation",
                    "Test_result": "SKIPPED",
                    "Test_case_summary": {
                        "Total Rules Run": 1,
                        "Passed": 0,
                        "Passed (Partial)": 0,
                        "Warnings": 0,
                        "Skipped": 1,
                        "Failed": 0,
                        "PAL Not Supported": 0,
                        "Not Implemented": 0,
                        "Total_failed_with_waiver": 0
                    }
                },
                {
                    "Test_case": "PCI_MSI_2 : -",
                    "Test_case_description": "Check MSI(X) vectors uniqueness",
                    "Test_result": "SKIPPED",
                    "Test_case_summary": {
                        "Total Rules Run": 1,
                        "Passed": 0,
                        "Passed (Partial)": 0,
                        "Warnings": 0,
                        "Skipped": 1,
                        "Failed": 0,
                        "PAL Not Supported": 0,
                        "Not Implemented": 0,
                        "Total_failed_with_waiver": 0
                    }
                },
                {
                    "Test_case": "PCI_LI_02 : -",
                    "Test_case_description": "PCI legacy intr SPI ID unique",
                    "Test_result": "SKIPPED",
                    "Test_case_summary": {
                        "Total Rules Run": 1,
                        "Passed": 0,
                        "Passed (Partial)": 0,
                        "Warnings": 0,
                        "Skipped": 1,
                        "Failed": 0,
                        "PAL Not Supported": 0,
                        "Not Implemented": 0,
                        "Total_failed_with_waiver": 0
                    }
                },
                {
                    "Test_case": "B_REP_1 : -",
                    "Test_case_description": "Check RCiEP Devices",
                    "Test_result": "SKIPPED",
                    "Test_case_summary": {
                        "Total Rules Run": 1,
                        "Passed": 0,
                        "Passed (Partial)": 0,
                        "Warnings": 0,
                        "Skipped": 1,
                        "Failed": 0,
                        "PAL Not Supported": 0,
                        "Not Implemented": 0,
                        "Total_failed_with_waiver": 0
                    }
                },
                {
                    "Test_case": "PCI_IN_01 : 801",
                    "Test_case_description": "Check ECAM Presence",
                    "Test_result": "SKIPPED",
                    "Test_case_summary": {
                        "Total Rules Run": 1,
                        "Passed": 0,
                        "Passed (Partial)": 0,
                        "Warnings": 0,
                        "Skipped": 1,
                        "Failed": 0,
                        "PAL Not Supported": 0,
                        "Not Implemented": 0,
                        "Total_failed_with_waiver": 0
                    }
                },
                {
                    "Test_case": "PCI_MM_01 : -",
                    "Test_case_description": "PCIe Device Memory mapping support",
                    "Test_result": "SKIPPED",
                    "Test_case_summary": {
                        "Total Rules Run": 1,
                        "Passed": 0,
                        "Passed (Partial)": 0,
                        "Warnings": 0,
                        "Skipped": 1,
                        "Failed": 0,
                        "PAL Not Supported": 0,
                        "Not Implemented": 0,
                        "Total_failed_with_waiver": 0
                    }
                },
                {
                    "Test_case": "PCI_MM_03 : -",
                    "Test_case_description": "PCIe Normal Memory mapping support",
                    "Test_result": "SKIPPED",
                    "Test_case_summary": {
                        "Total Rules Run": 1,
                        "Passed": 0,
                        "Passed (Partial)": 0,
                        "Warnings": 0,
                        "Skipped": 1,
                        "Failed": 0,
                        "PAL Not Supported": 0,
                        "Not Implemented": 0,
                        "Total_failed_with_waiver": 0
                    }
                },
                {
                    "Test_case": "PCI_MM_05 : 895",
                    "Test_case_description": "PCIe & PE common physical memory view",
                    "Test_result": "SKIPPED",
                    "Test_case_summary": {
                        "Total Rules Run": 1,
                        "Passed": 0,
                        "Passed (Partial)": 0,
                        "Warnings": 0,
                        "Skipped": 1,
                        "Failed": 0,
                        "PAL Not Supported": 0,
                        "Not Implemented": 0,
                        "Total_failed_with_waiver": 0
                    }
                },
                {
                    "Test_case": "PCI_MM_07 : 905",
                    "Test_case_description": "No extra address translation",
                    "Test_result": "SKIPPED",
                    "Test_case_summary": {
                        "Total Rules Run": 1,
                        "Passed": 0,
                        "Passed (Partial)": 0,
                        "Warnings": 0,
                        "Skipped": 1,
                        "Failed": 0,
                        "PAL Not Supported": 0,
                        "Not Implemented": 0,
                        "Total_failed_with_waiver": 0
                    }
                },
                {
                    "Test_case": "PCI_MSI_2 : -",
                    "Test_case_description": "Check MSI(X) vectors uniqueness",
                    "Test_result": "SKIPPED",
                    "Test_case_summary": {
                        "Total Rules Run": 1,
                        "Passed": 0,
                        "Passed (Partial)": 0,
                        "Warnings": 0,
                        "Skipped": 1,
                        "Failed": 0,
                        "PAL Not Supported": 0,
                        "Not Implemented": 0,
                        "Total_failed_with_waiver": 0
                    }
                },
                {
                    "Test_case": "PCI_LI_02 : -",
                    "Test_case_description": "PCI legacy intr SPI ID unique",
                    "Test_result": "SKIPPED",
                    "Test_case_summary": {
                        "Total Rules Run": 1,
                        "Passed": 0,
                        "Passed (Partial)": 0,
                        "Warnings": 0,
                        "Skipped": 1,
                        "Failed": 0,
                        "PAL Not Supported": 0,
                        "Not Implemented": 0,
                        "Total_failed_with_waiver": 0
                    }
                },
                {
                    "Test_case": "B_IEP_1 : -",
                    "Test_case_description": "Check i-EP Devices",
                    "Test_result": "SKIPPED",
                    "Test_case_summary": {
                        "Total Rules Run": 1,
                        "Passed": 0,
                        "Passed (Partial)": 0,
                        "Warnings": 0,
                        "Skipped": 1,
                        "Failed": 0,
                        "PAL Not Supported": 0,
                        "Not Implemented": 0,
                        "Total_failed_with_waiver": 0
                    }
                }
            ],
            "test_suite_summary": {
                "Total Rules Run": 27,
                "Passed": 1,
                "Passed (Partial)": 0,
                "Warnings": 0,
                "Skipped": 26,
                "Failed": 0,
                "PAL Not Supported": 0,
                "Not Implemented": 0,
                "Total_failed_with_waiver": 0
            }
        },
        {
            "Test_suite": "PE",
            "testcases": [
                {
                    "Test_case": "B_PE_01 : 1",
                    "Test_case_description": "Check Arch symmetry across PE",
                    "Test_result": "PASSED",
                    "Test_case_summary": {
                        "Total Rules Run": 1,
                        "Passed": 1,
                        "Passed (Partial)": 0,
                        "Warnings": 0,
                        "Skipped": 0,
                        "Failed": 0,
                        "PAL Not Supported": 0,
                        "Not Implemented": 0,
                        "Total_failed_with_waiver": 0
                    }
                },
                {
                    "Test_case": "B_PE_02 : 2",
                    "Test_case_description": "Check for number of PE",
                    "Test_result": "PASSED",
                    "Test_case_summary": {
                        "Total Rules Run": 1,
                        "Passed": 1,
                        "Passed (Partial)": 0,
                        "Warnings": 0,
                        "Skipped": 0,
                        "Failed": 0,
                        "PAL Not Supported": 0,
                        "Not Implemented": 0,
                        "Total_failed_with_waiver": 0
                    }
                },
                {
                    "Test_case": "B_PE_03 : 3",
                    "Test_case_description": "Check for AdvSIMD and FP support",
                    "Test_result": "PASSED",
                    "Test_case_summary": {
                        "Total Rules Run": 1,
                        "Passed": 1,
                        "Passed (Partial)": 0,
                        "Warnings": 0,
                        "Skipped": 0,
                        "Failed": 0,
                        "PAL Not Supported": 0,
                        "Not Implemented": 0,
                        "Total_failed_with_waiver": 0
                    }
                },
                {
                    "Test_case": "B_PE_04 : 4",
                    "Test_case_description": "Check PE 4KB Granule Support",
                    "Test_result": "PASSED",
                    "Test_case_summary": {
                        "Total Rules Run": 1,
                        "Passed": 1,
                        "Passed (Partial)": 0,
                        "Warnings": 0,
                        "Skipped": 0,
                        "Failed": 0,
                        "PAL Not Supported": 0,
                        "Not Implemented": 0,
                        "Total_failed_with_waiver": 0
                    }
                },
                {
                    "Test_case": "B_PE_05 : -",
                    "Test_case_description": "",
                    "Test_result": "NOT TESTED (TEST NOT IMPLEMENTED)",
                    "Test_case_summary": {
                        "Total Rules Run": 1,
                        "Passed": 0,
                        "Passed (Partial)": 0,
                        "Warnings": 0,
                        "Skipped": 0,
                        "Failed": 0,
                        "PAL Not Supported": 0,
                        "Not Implemented": 1,
                        "Total_failed_with_waiver": 0
                    }
                },
                {
                    "Test_case": "B_PE_06 : 6",
                    "Test_case_description": "Check Cryptographic extensions",
                    "Test_result": "PASSED",
                    "Test_case_summary": {
                        "Total Rules Run": 1,
                        "Passed": 1,
                        "Passed (Partial)": 0,
                        "Warnings": 0,
                        "Skipped": 0,
                        "Failed": 0,
                        "PAL Not Supported": 0,
                        "Not Implemented": 0,
                        "Total_failed_with_waiver": 0
                    }
                },
                {
                    "Test_case": "B_PE_07 : 7",
                    "Test_case_description": "Check Little Endian support",
                    "Test_result": "PASSED",
                    "Test_case_summary": {
                        "Total Rules Run": 1,
                        "Passed": 1,
                        "Passed (Partial)": 0,
                        "Warnings": 0,
                        "Skipped": 0,
                        "Failed": 0,
                        "PAL Not Supported": 0,
                        "Not Implemented": 0,
                        "Total_failed_with_waiver": 0
                    }
                },
                {
                    "Test_case": "B_PE_08 : 8",
                    "Test_case_description": "Check EL1 and EL0 implementation",
                    "Test_result": "PASSED",
                    "Test_case_summary": {
                        "Total Rules Run": 1,
                        "Passed": 1,
                        "Passed (Partial)": 0,
                        "Warnings": 0,
                        "Skipped": 0,
                        "Failed": 0,
                        "PAL Not Supported": 0,
                        "Not Implemented": 0,
                        "Total_failed_with_waiver": 0
                    }
                },
                {
                    "Test_case": "B_PE_09 : 9",
                    "Test_case_description": "Check for PMU and PMU counters",
                    "Test_result": "PASSED",
                    "Test_case_summary": {
                        "Total Rules Run": 1,
                        "Passed": 1,
                        "Passed (Partial)": 0,
                        "Warnings": 0,
                        "Skipped": 0,
                        "Failed": 0,
                        "PAL Not Supported": 0,
                        "Not Implemented": 0,
                        "Total_failed_with_waiver": 0
                    }
                },
                {
                    "Test_case": "B_PE_10 : 10",
                    "Test_case_description": "Check PMU Overflow signal",
                    "Test_result": "PASSED",
                    "Test_case_summary": {
                        "Total Rules Run": 1,
                        "Passed": 1,
                        "Passed (Partial)": 0,
                        "Warnings": 0,
                        "Skipped": 0,
                        "Failed": 0,
                        "PAL Not Supported": 0,
                        "Not Implemented": 0,
                        "Total_failed_with_waiver": 0
                    }
                },
                {
                    "Test_case": "B_PE_11 : 11",
                    "Test_case_description": "Check num of Breakpoints and type",
                    "Test_result": "PASSED",
                    "Test_case_summary": {
                        "Total Rules Run": 1,
                        "Passed": 1,
                        "Passed (Partial)": 0,
                        "Warnings": 0,
                        "Skipped": 0,
                        "Failed": 0,
                        "PAL Not Supported": 0,
                        "Not Implemented": 0,
                        "Total_failed_with_waiver": 0
                    }
                },
                {
                    "Test_case": "B_PE_12 : 12",
                    "Test_case_description": "Check Synchronous Watchpoints",
                    "Test_result": "PASSED",
                    "Test_case_summary": {
                        "Total Rules Run": 1,
                        "Passed": 1,
                        "Passed (Partial)": 0,
                        "Warnings": 0,
                        "Skipped": 0,
                        "Failed": 0,
                        "PAL Not Supported": 0,
                        "Not Implemented": 0,
                        "Total_failed_with_waiver": 0
                    }
                },
                {
                    "Test_case": "B_PE_13 : 13",
                    "Test_case_description": "Check CRC32 instruction support",
                    "Test_result": "PASSED",
                    "Test_case_summary": {
                        "Total Rules Run": 1,
                        "Passed": 1,
                        "Passed (Partial)": 0,
                        "Warnings": 0,
                        "Skipped": 0,
                        "Failed": 0,
                        "PAL Not Supported": 0,
                        "Not Implemented": 0,
                        "Total_failed_with_waiver": 0
                    }
                },
                {
                    "Test_case": "B_PE_14 : 16",
                    "Test_case_description": "Check SVE2 for v9 PE",
                    "Test_result": "SKIPPED",
                    "Test_case_summary": {
                        "Total Rules Run": 1,
                        "Passed": 0,
                        "Passed (Partial)": 0,
                        "Warnings": 0,
                        "Skipped": 1,
                        "Failed": 0,
                        "PAL Not Supported": 0,
                        "Not Implemented": 0,
                        "Total_failed_with_waiver": 0
                    }
                }
            ],
            "test_suite_summary": {
                "Total Rules Run": 14,
                "Passed": 12,
                "Passed (Partial)": 0,
                "Warnings": 0,
                "Skipped": 1,
                "Failed": 0,
                "PAL Not Supported": 0,
                "Not Implemented": 1,
                "Total_failed_with_waiver": 0
            }
        },
        {
            "Test_suite": "PERIPHERAL",
            "testcases": [
                {
                    "Test_case": "B_PER_01 : 601",
                    "Test_case_description": "USB CTRL Interface EHCI check",
                    "Test_result": "SKIPPED",
                    "Test_case_summary": {
                        "Total Rules Run": 1,
                        "Passed": 0,
                        "Passed (Partial)": 0,
                        "Warnings": 0,
                        "Skipped": 1,
                        "Failed": 0,
                        "PAL Not Supported": 0,
                        "Not Implemented": 0,
                        "Total_failed_with_waiver": 0
                    }
                },
                {
                    "Test_case": "B_PER_02 : 608",
                    "Test_case_description": "USB CTRL Interface XHCI check",
                    "Test_result": "SKIPPED",
                    "Test_case_summary": {
                        "Total Rules Run": 1,
                        "Passed": 0,
                        "Passed (Partial)": 0,
                        "Warnings": 0,
                        "Skipped": 1,
                        "Failed": 0,
                        "PAL Not Supported": 0,
                        "Not Implemented": 0,
                        "Total_failed_with_waiver": 0
                    }
                },
                {
                    "Test_case": "B_PER_03 : 602",
                    "Test_case_description": "Check SATA CTRL Interface",
                    "Test_result": "SKIPPED",
                    "Test_case_summary": {
                        "Total Rules Run": 1,
                        "Passed": 0,
                        "Passed (Partial)": 0,
                        "Warnings": 0,
                        "Skipped": 1,
                        "Failed": 0,
                        "PAL Not Supported": 0,
                        "Not Implemented": 0,
                        "Total_failed_with_waiver": 0
                    }
                },
                {
                    "Test_case": "B_PER_04 : -",
                    "Test_case_description": "",
                    "Test_result": "NOT TESTED (TEST NOT IMPLEMENTED)",
                    "Test_case_summary": {
                        "Total Rules Run": 1,
                        "Passed": 0,
                        "Passed (Partial)": 0,
                        "Warnings": 0,
                        "Skipped": 0,
                        "Failed": 0,
                        "PAL Not Supported": 0,
                        "Not Implemented": 1,
                        "Total_failed_with_waiver": 0
                    }
                },
                {
                    "Test_case": "B_PER_05 : 603",
                    "Test_case_description": "Check UART type Arm Generic or 16550",
                    "Test_result": "SKIPPED",
                    "Test_case_summary": {
                        "Total Rules Run": 1,
                        "Passed": 0,
                        "Passed (Partial)": 0,
                        "Warnings": 0,
                        "Skipped": 1,
                        "Failed": 0,
                        "PAL Not Supported": 0,
                        "Not Implemented": 0,
                        "Total_failed_with_waiver": 0
                    }
                },
                {
                    "Test_case": "B_PER_06 : 606",
                    "Test_case_description": "Check ARM Generic UART Interrupt",
                    "Test_result": "SKIPPED",
                    "Test_case_summary": {
                        "Total Rules Run": 1,
                        "Passed": 0,
                        "Passed (Partial)": 0,
                        "Warnings": 0,
                        "Skipped": 1,
                        "Failed": 0,
                        "PAL Not Supported": 0,
                        "Not Implemented": 0,
                        "Total_failed_with_waiver": 0
                    }
                },
                {
                    "Test_case": "B_PER_07 : -",
                    "Test_case_description": "",
                    "Test_result": "NOT TESTED (TEST NOT IMPLEMENTED)",
                    "Test_case_summary": {
                        "Total Rules Run": 1,
                        "Passed": 0,
                        "Passed (Partial)": 0,
                        "Warnings": 0,
                        "Skipped": 0,
                        "Failed": 0,
                        "PAL Not Supported": 0,
                        "Not Implemented": 1,
                        "Total_failed_with_waiver": 0
                    }
                },
                {
                    "Test_case": "B_PER_09 : 604",
                    "Test_case_description": "Check Memory Attributes of DMA",
                    "Test_result": "NOT TESTED (PAL NOT SUPPORTED)",
                    "Test_case_summary": {
                        "Total Rules Run": 1,
                        "Passed": 0,
                        "Passed (Partial)": 0,
                        "Warnings": 0,
                        "Skipped": 0,
                        "Failed": 0,
                        "PAL Not Supported": 1,
                        "Not Implemented": 0,
                        "Total_failed_with_waiver": 0
                    }
                },
                {
                    "Test_case": "B_PER_10 : 607",
                    "Test_case_description": "Check DMA for I/O coherency",
                    "Test_result": "NOT TESTED (PAL NOT SUPPORTED)",
                    "Test_case_summary": {
                        "Total Rules Run": 1,
                        "Passed": 0,
                        "Passed (Partial)": 0,
                        "Warnings": 0,
                        "Skipped": 0,
                        "Failed": 0,
                        "PAL Not Supported": 1,
                        "Not Implemented": 0,
                        "Total_failed_with_waiver": 0
                    }
                },
                {
                    "Test_case": "B_PER_09 : 604",
                    "Test_case_description": "Check Memory Attributes of DMA",
                    "Test_result": "SKIPPED",
                    "Test_case_summary": {
                        "Total Rules Run": 1,
                        "Passed": 0,
                        "Passed (Partial)": 0,
                        "Warnings": 0,
                        "Skipped": 1,
                        "Failed": 0,
                        "PAL Not Supported": 0,
                        "Not Implemented": 0,
                        "Total_failed_with_waiver": 0
                    }
                },
                {
                    "Test_case": "B_PER_10 : 607",
                    "Test_case_description": "Check DMA for I/O coherency",
                    "Test_result": "SKIPPED",
                    "Test_case_summary": {
                        "Total Rules Run": 1,
                        "Passed": 0,
                        "Passed (Partial)": 0,
                        "Warnings": 0,
                        "Skipped": 1,
                        "Failed": 0,
                        "PAL Not Supported": 0,
                        "Not Implemented": 0,
                        "Total_failed_with_waiver": 0
                    }
                }
            ],
            "test_suite_summary": {
                "Total Rules Run": 11,
                "Passed": 0,
                "Passed (Partial)": 0,
                "Warnings": 0,
                "Skipped": 7,
                "Failed": 0,
                "PAL Not Supported": 2,
                "Not Implemented": 2,
                "Total_failed_with_waiver": 0
            }
        },
        {
            "Test_suite": "POWER_WAKEUP",
            "testcases": [
                {
                    "Test_case": "B_WAK_03 : -",
                    "Test_case_description": "Check power wakeup interrupts",
                    "Test_result": "SKIPPED",
                    "Test_case_summary": {
                        "Total Rules Run": 1,
                        "Passed": 0,
                        "Passed (Partial)": 0,
                        "Warnings": 0,
                        "Skipped": 1,
                        "Failed": 0,
                        "PAL Not Supported": 0,
                        "Not Implemented": 0,
                        "Total_failed_with_waiver": 0
                    }
                },
                {
                    "Test_case": "B_WAK_04 : -",
                    "Test_case_description": "",
                    "Test_result": "NOT TESTED (TEST NOT IMPLEMENTED)",
                    "Test_case_summary": {
                        "Total Rules Run": 1,
                        "Passed": 0,
                        "Passed (Partial)": 0,
                        "Warnings": 0,
                        "Skipped": 0,
                        "Failed": 0,
                        "PAL Not Supported": 0,
                        "Not Implemented": 1,
                        "Total_failed_with_waiver": 0
                    }
                },
                {
                    "Test_case": "B_WAK_05 : -",
                    "Test_case_description": "",
                    "Test_result": "NOT TESTED (TEST NOT IMPLEMENTED)",
                    "Test_case_summary": {
                        "Total Rules Run": 1,
                        "Passed": 0,
                        "Passed (Partial)": 0,
                        "Warnings": 0,
                        "Skipped": 0,
                        "Failed": 0,
                        "PAL Not Supported": 0,
                        "Not Implemented": 1,
                        "Total_failed_with_waiver": 0
                    }
                },
                {
                    "Test_case": "B_WAK_06 : -",
                    "Test_case_description": "",
                    "Test_result": "NOT TESTED (TEST NOT IMPLEMENTED)",
                    "Test_case_summary": {
                        "Total Rules Run": 1,
                        "Passed": 0,
                        "Passed (Partial)": 0,
                        "Warnings": 0,
                        "Skipped": 0,
                        "Failed": 0,
                        "PAL Not Supported": 0,
                        "Not Implemented": 1,
                        "Total_failed_with_waiver": 0
                    }
                },
                {
                    "Test_case": "B_WAK_07 : -",
                    "Test_case_description": "Check power wakeup interrupts",
                    "Test_result": "SKIPPED",
                    "Test_case_summary": {
                        "Total Rules Run": 1,
                        "Passed": 0,
                        "Passed (Partial)": 0,
                        "Warnings": 0,
                        "Skipped": 1,
                        "Failed": 0,
                        "PAL Not Supported": 0,
                        "Not Implemented": 0,
                        "Total_failed_with_waiver": 0
                    }
                },
                {
                    "Test_case": "B_WAK_08 : -",
                    "Test_case_description": "",
                    "Test_result": "NOT TESTED (TEST NOT IMPLEMENTED)",
                    "Test_case_summary": {
                        "Total Rules Run": 1,
                        "Passed": 0,
                        "Passed (Partial)": 0,
                        "Warnings": 0,
                        "Skipped": 0,
                        "Failed": 0,
                        "PAL Not Supported": 0,
                        "Not Implemented": 1,
                        "Total_failed_with_waiver": 0
                    }
                },
                {
                    "Test_case": "B_WAK_10 : -",
                    "Test_case_description": "",
                    "Test_result": "NOT TESTED (TEST NOT IMPLEMENTED)",
                    "Test_case_summary": {
                        "Total Rules Run": 1,
                        "Passed": 0,
                        "Passed (Partial)": 0,
                        "Warnings": 0,
                        "Skipped": 0,
                        "Failed": 0,
                        "PAL Not Supported": 0,
                        "Not Implemented": 1,
                        "Total_failed_with_waiver": 0
                    }
                },
                {
                    "Test_case": "B_WAK_11 : -",
                    "Test_case_description": "",
                    "Test_result": "NOT TESTED (TEST NOT IMPLEMENTED)",
                    "Test_case_summary": {
                        "Total Rules Run": 1,
                        "Passed": 0,
                        "Passed (Partial)": 0,
                        "Warnings": 0,
                        "Skipped": 0,
                        "Failed": 0,
                        "PAL Not Supported": 0,
                        "Not Implemented": 1,
                        "Total_failed_with_waiver": 0
                    }
                }
            ],
            "test_suite_summary": {
                "Total Rules Run": 8,
                "Passed": 0,
                "Passed (Partial)": 0,
                "Warnings": 0,
                "Skipped": 2,
                "Failed": 0,
                "PAL Not Supported": 0,
                "Not Implemented": 6,
                "Total_failed_with_waiver": 0
            }
        },
        {
            "Test_suite": "SMMU",
            "testcases": [
                {
                    "Test_case": "B_SMMU_01 : 301",
                    "Test_case_description": "All SMMUs have same Arch Revision",
                    "Test_result": "SKIPPED",
                    "Test_case_summary": {
                        "Total Rules Run": 1,
                        "Passed": 0,
                        "Passed (Partial)": 0,
                        "Warnings": 0,
                        "Skipped": 1,
                        "Failed": 0,
                        "PAL Not Supported": 0,
                        "Not Implemented": 0,
                        "Total_failed_with_waiver": 0
                    }
                },
                {
                    "Test_case": "B_SMMU_02 : 302",
                    "Test_case_description": "Check SMMU Granule Support",
                    "Test_result": "SKIPPED",
                    "Test_case_summary": {
                        "Total Rules Run": 1,
                        "Passed": 0,
                        "Passed (Partial)": 0,
                        "Warnings": 0,
                        "Skipped": 1,
                        "Failed": 0,
                        "PAL Not Supported": 0,
                        "Not Implemented": 0,
                        "Total_failed_with_waiver": 0
                    }
                },
                {
                    "Test_case": "B_SMMU_06 : 303",
                    "Test_case_description": "Check SMMU Large Physical Addr Support",
                    "Test_result": "SKIPPED",
                    "Test_case_summary": {
                        "Total Rules Run": 1,
                        "Passed": 0,
                        "Passed (Partial)": 0,
                        "Warnings": 0,
                        "Skipped": 1,
                        "Failed": 0,
                        "PAL Not Supported": 0,
                        "Not Implemented": 0,
                        "Total_failed_with_waiver": 0
                    }
                },
                {
                    "Test_case": "B_SMMU_07 : -",
                    "Test_case_description": "",
                    "Test_result": "NOT TESTED (TEST NOT IMPLEMENTED)",
                    "Test_case_summary": {
                        "Total Rules Run": 1,
                        "Passed": 0,
                        "Passed (Partial)": 0,
                        "Warnings": 0,
                        "Skipped": 0,
                        "Failed": 0,
                        "PAL Not Supported": 0,
                        "Not Implemented": 1,
                        "Total_failed_with_waiver": 0
                    }
                },
                {
                    "Test_case": "B_SMMU_08 : 304",
                    "Test_case_description": "Check SMMU S-EL2 & stage1 support",
                    "Test_result": "SKIPPED",
                    "Test_case_summary": {
                        "Total Rules Run": 1,
                        "Passed": 0,
                        "Passed (Partial)": 0,
                        "Warnings": 0,
                        "Skipped": 1,
                        "Failed": 0,
                        "PAL Not Supported": 0,
                        "Not Implemented": 0,
                        "Total_failed_with_waiver": 0
                    }
                },
                {
                    "Test_case": "B_SMMU_12 : -",
                    "Test_case_description": "",
                    "Test_result": "NOT TESTED (TEST NOT IMPLEMENTED)",
                    "Test_case_summary": {
                        "Total Rules Run": 1,
                        "Passed": 0,
                        "Passed (Partial)": 0,
                        "Warnings": 0,
                        "Skipped": 0,
                        "Failed": 0,
                        "PAL Not Supported": 0,
                        "Not Implemented": 1,
                        "Total_failed_with_waiver": 0
                    }
                }
            ],
            "test_suite_summary": {
                "Total Rules Run": 6,
                "Passed": 0,
                "Passed (Partial)": 0,
                "Warnings": 0,
                "Skipped": 4,
                "Failed": 0,
                "PAL Not Supported": 0,
                "Not Implemented": 2,
                "Total_failed_with_waiver": 0
            }
        },
        {
            "Test_suite": "TIMER",
            "testcases": [
                {
                    "Test_case": "B_TIME_01 : 401",
                    "Test_case_description": "Check for Generic System Counter",
                    "Test_result": "PASSED",
                    "Test_case_summary": {
                        "Total Rules Run": 1,
                        "Passed": 1,
                        "Passed (Partial)": 0,
                        "Warnings": 0,
                        "Skipped": 0,
                        "Failed": 0,
                        "PAL Not Supported": 0,
                        "Not Implemented": 0,
                        "Total_failed_with_waiver": 0
                    }
                },
                {
                    "Test_case": "B_TIME_02 : 407",
                    "Test_case_description": "Check System Counter Frequency",
                    "Test_result": "FAILED",
                    "Test_case_summary": {
                        "Total Rules Run": 1,
                        "Passed": 0,
                        "Passed (Partial)": 0,
                        "Warnings": 0,
                        "Skipped": 0,
                        "Failed": 1,
                        "PAL Not Supported": 0,
                        "Not Implemented": 0,
                        "Total_failed_with_waiver": 0
                    }
                },
                {
                    "Test_case": "B_TIME_03 : -",
                    "Test_case_description": "",
                    "Test_result": "NOT TESTED (TEST NOT IMPLEMENTED)",
                    "Test_case_summary": {
                        "Total Rules Run": 1,
                        "Passed": 0,
                        "Passed (Partial)": 0,
                        "Warnings": 0,
                        "Skipped": 0,
                        "Failed": 0,
                        "PAL Not Supported": 0,
                        "Not Implemented": 1,
                        "Total_failed_with_waiver": 0
                    }
                },
                {
                    "Test_case": "B_TIME_04 : -",
                    "Test_case_description": "",
                    "Test_result": "NOT TESTED (TEST NOT IMPLEMENTED)",
                    "Test_case_summary": {
                        "Total Rules Run": 1,
                        "Passed": 0,
                        "Passed (Partial)": 0,
                        "Warnings": 0,
                        "Skipped": 0,
                        "Failed": 0,
                        "PAL Not Supported": 0,
                        "Not Implemented": 1,
                        "Total_failed_with_waiver": 0
                    }
                },
                {
                    "Test_case": "B_TIME_05 : -",
                    "Test_case_description": "",
                    "Test_result": "NOT TESTED (TEST NOT IMPLEMENTED)",
                    "Test_case_summary": {
                        "Total Rules Run": 1,
                        "Passed": 0,
                        "Passed (Partial)": 0,
                        "Warnings": 0,
                        "Skipped": 0,
                        "Failed": 0,
                        "PAL Not Supported": 0,
                        "Not Implemented": 1,
                        "Total_failed_with_waiver": 0
                    }
                },
                {
                    "Test_case": "B_TIME_06 : 402",
                    "Test_case_description": "SYS Timer if PE Timer not ON",
                    "Test_result": "FAILED",
                    "Test_case_summary": {
                        "Total Rules Run": 1,
                        "Passed": 0,
                        "Passed (Partial)": 0,
                        "Warnings": 0,
                        "Skipped": 0,
                        "Failed": 1,
                        "PAL Not Supported": 0,
                        "Not Implemented": 0,
                        "Total_failed_with_waiver": 0
                    }
                },
                {
                    "Test_case": "B_TIME_07 : 403",
                    "Test_case_description": "Memory mapped timer check",
                    "Test_result": "SKIPPED",
                    "Test_case_summary": {
                        "Total Rules Run": 1,
                        "Passed": 0,
                        "Passed (Partial)": 0,
                        "Warnings": 0,
                        "Skipped": 1,
                        "Failed": 0,
                        "PAL Not Supported": 0,
                        "Not Implemented": 0,
                        "Total_failed_with_waiver": 0
                    }
                },
                {
                    "Test_case": "B_TIME_08 : 404",
                    "Test_case_description": "Generate Mem Mapped SYS Timer Intr",
                    "Test_result": "SKIPPED",
                    "Test_case_summary": {
                        "Total Rules Run": 1,
                        "Passed": 0,
                        "Passed (Partial)": 0,
                        "Warnings": 0,
                        "Skipped": 1,
                        "Failed": 0,
                        "PAL Not Supported": 0,
                        "Not Implemented": 0,
                        "Total_failed_with_waiver": 0
                    }
                },
                {
                    "Test_case": "B_TIME_09 : 405",
                    "Test_case_description": "Restore PE timer on PE wake up",
                    "Test_result": "SKIPPED",
                    "Test_case_summary": {
                        "Total Rules Run": 1,
                        "Passed": 0,
                        "Passed (Partial)": 0,
                        "Warnings": 0,
                        "Skipped": 1,
                        "Failed": 0,
                        "PAL Not Supported": 0,
                        "Not Implemented": 0,
                        "Total_failed_with_waiver": 0
                    }
                },
                {
                    "Test_case": "B_TIME_10 : -",
                    "Test_case_description": "",
                    "Test_result": "NOT TESTED (TEST NOT IMPLEMENTED)",
                    "Test_case_summary": {
                        "Total Rules Run": 1,
                        "Passed": 0,
                        "Passed (Partial)": 0,
                        "Warnings": 0,
                        "Skipped": 0,
                        "Failed": 0,
                        "PAL Not Supported": 0,
                        "Not Implemented": 1,
                        "Total_failed_with_waiver": 0
                    }
                }
            ],
            "test_suite_summary": {
                "Total Rules Run": 10,
                "Passed": 1,
                "Passed (Partial)": 0,
                "Warnings": 0,
                "Skipped": 3,
                "Failed": 2,
                "PAL Not Supported": 0,
                "Not Implemented": 4,
                "Total_failed_with_waiver": 0
            }
        },
        {
            "Test_suite": "WATCHDOG",
            "testcases": [
                {
                    "Test_case": "B_WD_00 : -",
                    "Test_case_description": "Generic watchdog check",
                    "Test_result": "SKIPPED",
                    "subtests": [
                        {
                            "sub_Test_Number": "B_WD_01 : 701",
                            "sub_Rule_ID": "B_WD_01",
                            "sub_Test_Description": "Non Secure Watchdog Access",
                            "sub_test_result": "SKIPPED"
                        },
                        {
                            "sub_Test_Number": "B_WD_02 : -",
                            "sub_Rule_ID": "B_WD_02",
                            "sub_Test_Description": "",
                            "sub_test_result": "NOT TESTED (TEST NOT IMPLEMENTED)"
                        },
                        {
                            "sub_Test_Number": "B_WD_03 : 702",
                            "sub_Rule_ID": "B_WD_03",
                            "sub_Test_Description": "Check Watchdog WS0 interrupt",
                            "sub_test_result": "SKIPPED"
                        },
                        {
                            "sub_Test_Number": "B_WD_04 : -",
                            "sub_Rule_ID": "B_WD_04",
                            "sub_Test_Description": "",
                            "sub_test_result": "NOT TESTED (TEST NOT IMPLEMENTED)"
                        },
                        {
                            "sub_Test_Number": "B_WD_05 : -",
                            "sub_Rule_ID": "B_WD_05",
                            "sub_Test_Description": "",
                            "sub_test_result": "NOT TESTED (TEST NOT IMPLEMENTED)"
                        }
                    ],
                    "Test_case_summary": {
                        "Total Rules Run": 1,
                        "Passed": 0,
                        "Passed (Partial)": 0,
                        "Warnings": 0,
                        "Skipped": 1,
                        "Failed": 0,
                        "PAL Not Supported": 0,
                        "Not Implemented": 0,
                        "Total_failed_with_waiver": 0
                    }
                },
                {
                    "Test_case": "B_WAK_01 : -",
                    "Test_case_description": "",
                    "Test_result": "NOT TESTED (TEST NOT IMPLEMENTED)",
                    "Test_case_summary": {
                        "Total Rules Run": 1,
                        "Passed": 0,
                        "Passed (Partial)": 0,
                        "Warnings": 0,
                        "Skipped": 0,
                        "Failed": 0,
                        "PAL Not Supported": 0,
                        "Not Implemented": 1,
                        "Total_failed_with_waiver": 0
                    }
                },
                {
                    "Test_case": "B_WAK_02 : -",
                    "Test_case_description": "",
                    "Test_result": "NOT TESTED (TEST NOT IMPLEMENTED)",
                    "Test_case_summary": {
                        "Total Rules Run": 1,
                        "Passed": 0,
                        "Passed (Partial)": 0,
                        "Warnings": 0,
                        "Skipped": 0,
                        "Failed": 0,
                        "PAL Not Supported": 0,
                        "Not Implemented": 1,
                        "Total_failed_with_waiver": 0
                    }
                }
            ],
            "test_suite_summary": {
                "Total Rules Run": 3,
                "Passed": 0,
                "Passed (Partial)": 0,
                "Warnings": 0,
                "Skipped": 1,
                "Failed": 0,
                "PAL Not Supported": 0,
                "Not Implemented": 2,
                "Total_failed_with_waiver": 0
            }
        }
    ],
    "suite_summary": {
        "Total Rules Run": 93,
        "Passed": 19,
        "Passed (Partial)": 0,
        "Warnings": 0,
        "Skipped": 49,
        "Failed": 2,
        "PAL Not Supported": 5,
        "Not Implemented": 18,
        "Total_failed_with_waiver": 0
    }
}