{
    "test_results": [
        {
            "Test_suite": "SMBIOS",
            "Test_suite_description": "SMBIOS Table Validation",
            "Test_case": "SmbiosTable",
            "Test_case_description": "UEFI SMBIOS table presence check",
            "subtests": [
                {
                    "sub_Test_Number": "2A326D84-5E23-40E1-B8AE-F7A9CE18F9B5",
                    "sub_Test_Description": "Checks that SMBIOS3 table is provided by UEFI.",
                    "sub_test_result": {
                        "PASSED": 0,
                        "FAILED": 1,
                        "FAILED_WITH_WAIVER": 0,
                        "ABORTED": 0,
                        "SKIPPED": 0,
                        "WARNINGS": 0,
                        "fail_reasons": [
                            "489 - SMBIOS Table Not Found"
                        ],
                        "waiver_reason": ""
                    }
                }
            ],
            "test_suite_summary": {
                "total_passed": 0,
                "total_failed": 1,
                "total_skipped": 0,
                "total_aborted": 0,
                "total_warnings": 0,
                "total_failed_with_waiver": 0,
                "total_ignored": 0
            }
        }
    ],
    "suite_summary": {
        "total_passed": 0,
        "total_failed": 1,
        "total_skipped": 0,
        "total_aborted": 0,
        "total_warnings": 0,
        "total_failed_with_waiver": 0,
        "total_ignored": 0
    }
}