{
    "test_results": [
        {
            "Test_suite": "Peripherals",
            "Test_suite_description": "Validation for device tree",
            "Test_case": "dt_kselftest",
            "Test_case_description": "Device Tree kselftests",
            "subtests": [
                {
                    "sub_Test_Number": "1",
                    "sub_Test_Description": "/aux_ref_clk",
                    "sub_test_result": {
                        "PASSED": 0,
                        "FAILED": 0,
                        "FAILED_WITH_WAIVER": 0,
                        "ABORTED": 0,
                        "SKIPPED": 1,
                        "WARNINGS": 0,
                        "waiver_reason": ""
                    }
                },
                {
                    "sub_Test_Number": "2",
                    "sub_Test_Description": "/axi",
                    "sub_test_result": {
                        "PASSED": 1,
                        "FAILED": 0,
                        "FAILED_WITH_WAIVER": 0,
                        "ABORTED": 0,
                        "SKIPPED": 0,
                        "WARNINGS": 0,
                        "waiver_reason": ""
                    }
                },
                {
                    "sub_Test_Number": "3",
                    "sub_Test_Description": "/axi/ams@ffa50000",
                    "sub_test_result": {
                        "PASSED": 1,
                        "FAILED": 0,
                        "FAILED_WITH_WAIVER": 0,
                        "ABORTED": 0,
                        "SKIPPED": 0,
                        "WARNINGS": 0,
                        "waiver_reason": ""
                    }
                },
                {
                    "sub_Test_Number": "4",
                    "sub_Test_Description": "/axi/ams@ffa50000/ams-pl@400",
                    "sub_test_result": {
                        "PASSED": 0,
                        "FAILED": 0,
                        "FAILED_WITH_WAIVER": 0,
                        "ABORTED": 0,
                        "SKIPPED": 1,
                        "WARNINGS": 0,
                        "waiver_reason": ""
                    }
                },
                {
                    "sub_Test_Number": "5",
                    "sub_Test_Description": "/axi/ams@ffa50000/ams-ps@0",
                    "sub_test_result": {
                        "PASSED": 0,
                        "FAILED": 0,
                        "FAILED_WITH_WAIVER": 0,
                        "ABORTED": 0,
                        "SKIPPED": 1,
                        "WARNINGS": 0,
                        "waiver_reason": ""
                    }
                },
                {
                    "sub_Test_Number": "6",
                    "sub_Test_Description": "/axi/display@fd4a0000",
                    "sub_test_result": {
                        "PASSED": 0,
                        "FAILED": 1,
                        "FAILED_WITH_WAIVER": 0,
                        "ABORTED": 0,
                        "SKIPPED": 0,
                        "WARNINGS": 0,
                        "waiver_reason": ""
                    }
                },
                {
                    "sub_Test_Number": "7",
                    "sub_Test_Description": "/axi/display@fd4a0000/zynqmp-dp-snd-card",
                    "sub_test_result": {
                        "PASSED": 0,
                        "FAILED": 0,
                        "FAILED_WITH_WAIVER": 0,
                        "ABORTED": 0,
                        "SKIPPED": 1,
                        "WARNINGS": 0,
                        "waiver_reason": ""
                    }
                },
                {
                    "sub_Test_Number": "8",
                    "sub_Test_Description": "/axi/display@fd4a0000/zynqmp-dp-snd-codec0",
                    "sub_test_result": {
                        "PASSED": 0,
                        "FAILED": 0,
                        "FAILED_WITH_WAIVER": 0,
                        "ABORTED": 0,
                        "SKIPPED": 1,
                        "WARNINGS": 0,
                        "waiver_reason": ""
                    }
                },
                {
                    "sub_Test_Number": "9",
                    "sub_Test_Description": "/axi/display@fd4a0000/zynqmp-dp-snd-pcm0",
                    "sub_test_result": {
                        "PASSED": 0,
                        "FAILED": 0,
                        "FAILED_WITH_WAIVER": 0,
                        "ABORTED": 0,
                        "SKIPPED": 1,
                        "WARNINGS": 0,
                        "waiver_reason": ""
                    }
                },
                {
                    "sub_Test_Number": "10",
                    "sub_Test_Description": "/axi/display@fd4a0000/zynqmp-dp-snd-pcm1",
                    "sub_test_result": {
                        "PASSED": 0,
                        "FAILED": 0,
                        "FAILED_WITH_WAIVER": 0,
                        "ABORTED": 0,
                        "SKIPPED": 1,
                        "WARNINGS": 0,
                        "waiver_reason": ""
                    }
                },
                {
                    "sub_Test_Number": "11",
                    "sub_Test_Description": "/axi/dma-controller@fd4c0000",
                    "sub_test_result": {
                        "PASSED": 1,
                        "FAILED": 0,
                        "FAILED_WITH_WAIVER": 0,
                        "ABORTED": 0,
                        "SKIPPED": 0,
                        "WARNINGS": 0,
                        "waiver_reason": ""
                    }
                },
                {
                    "sub_Test_Number": "12",
                    "sub_Test_Description": "/axi/dma-controller@fd500000",
                    "sub_test_result": {
                        "PASSED": 1,
                        "FAILED": 0,
                        "FAILED_WITH_WAIVER": 0,
                        "ABORTED": 0,
                        "SKIPPED": 0,
                        "WARNINGS": 0,
                        "waiver_reason": ""
                    }
                },
                {
                    "sub_Test_Number": "13",
                    "sub_Test_Description": "/axi/dma-controller@fd510000",
                    "sub_test_result": {
                        "PASSED": 1,
                        "FAILED": 0,
                        "FAILED_WITH_WAIVER": 0,
                        "ABORTED": 0,
                        "SKIPPED": 0,
                        "WARNINGS": 0,
                        "waiver_reason": ""
                    }
                },
                {
                    "sub_Test_Number": "14",
                    "sub_Test_Description": "/axi/dma-controller@fd520000",
                    "sub_test_result": {
                        "PASSED": 1,
                        "FAILED": 0,
                        "FAILED_WITH_WAIVER": 0,
                        "ABORTED": 0,
                        "SKIPPED": 0,
                        "WARNINGS": 0,
                        "waiver_reason": ""
                    }
                },
                {
                    "sub_Test_Number": "15",
                    "sub_Test_Description": "/axi/dma-controller@fd530000",
                    "sub_test_result": {
                        "PASSED": 1,
                        "FAILED": 0,
                        "FAILED_WITH_WAIVER": 0,
                        "ABORTED": 0,
                        "SKIPPED": 0,
                        "WARNINGS": 0,
                        "waiver_reason": ""
                    }
                },
                {
                    "sub_Test_Number": "16",
                    "sub_Test_Description": "/axi/dma-controller@fd540000",
                    "sub_test_result": {
                        "PASSED": 1,
                        "FAILED": 0,
                        "FAILED_WITH_WAIVER": 0,
                        "ABORTED": 0,
                        "SKIPPED": 0,
                        "WARNINGS": 0,
                        "waiver_reason": ""
                    }
                },
                {
                    "sub_Test_Number": "17",
                    "sub_Test_Description": "/axi/dma-controller@fd550000",
                    "sub_test_result": {
                        "PASSED": 1,
                        "FAILED": 0,
                        "FAILED_WITH_WAIVER": 0,
                        "ABORTED": 0,
                        "SKIPPED": 0,
                        "WARNINGS": 0,
                        "waiver_reason": ""
                    }
                },
                {
                    "sub_Test_Number": "18",
                    "sub_Test_Description": "/axi/dma-controller@fd560000",
                    "sub_test_result": {
                        "PASSED": 1,
                        "FAILED": 0,
                        "FAILED_WITH_WAIVER": 0,
                        "ABORTED": 0,
                        "SKIPPED": 0,
                        "WARNINGS": 0,
                        "waiver_reason": ""
                    }
                },
                {
                    "sub_Test_Number": "19",
                    "sub_Test_Description": "/axi/dma-controller@fd570000",
                    "sub_test_result": {
                        "PASSED": 1,
                        "FAILED": 0,
                        "FAILED_WITH_WAIVER": 0,
                        "ABORTED": 0,
                        "SKIPPED": 0,
                        "WARNINGS": 0,
                        "waiver_reason": ""
                    }
                },
                {
                    "sub_Test_Number": "20",
                    "sub_Test_Description": "/axi/dma-controller@ffa80000",
                    "sub_test_result": {
                        "PASSED": 1,
                        "FAILED": 0,
                        "FAILED_WITH_WAIVER": 0,
                        "ABORTED": 0,
                        "SKIPPED": 0,
                        "WARNINGS": 0,
                        "waiver_reason": ""
                    }
                },
                {
                    "sub_Test_Number": "21",
                    "sub_Test_Description": "/axi/dma-controller@ffa90000",
                    "sub_test_result": {
                        "PASSED": 1,
                        "FAILED": 0,
                        "FAILED_WITH_WAIVER": 0,
                        "ABORTED": 0,
                        "SKIPPED": 0,
                        "WARNINGS": 0,
                        "waiver_reason": ""
                    }
                },
                {
                    "sub_Test_Number": "22",
                    "sub_Test_Description": "/axi/dma-controller@ffaa0000",
                    "sub_test_result": {
                        "PASSED": 1,
                        "FAILED": 0,
                        "FAILED_WITH_WAIVER": 0,
                        "ABORTED": 0,
                        "SKIPPED": 0,
                        "WARNINGS": 0,
                        "waiver_reason": ""
                    }
                },
                {
                    "sub_Test_Number": "23",
                    "sub_Test_Description": "/axi/dma-controller@ffab0000",
                    "sub_test_result": {
                        "PASSED": 1,
                        "FAILED": 0,
                        "FAILED_WITH_WAIVER": 0,
                        "ABORTED": 0,
                        "SKIPPED": 0,
                        "WARNINGS": 0,
                        "waiver_reason": ""
                    }
                },
                {
                    "sub_Test_Number": "24",
                    "sub_Test_Description": "/axi/dma-controller@ffac0000",
                    "sub_test_result": {
                        "PASSED": 1,
                        "FAILED": 0,
                        "FAILED_WITH_WAIVER": 0,
                        "ABORTED": 0,
                        "SKIPPED": 0,
                        "WARNINGS": 0,
                        "waiver_reason": ""
                    }
                },
                {
                    "sub_Test_Number": "25",
                    "sub_Test_Description": "/axi/dma-controller@ffad0000",
                    "sub_test_result": {
                        "PASSED": 1,
                        "FAILED": 0,
                        "FAILED_WITH_WAIVER": 0,
                        "ABORTED": 0,
                        "SKIPPED": 0,
                        "WARNINGS": 0,
                        "waiver_reason": ""
                    }
                },
                {
                    "sub_Test_Number": "26",
                    "sub_Test_Description": "/axi/dma-controller@ffae0000",
                    "sub_test_result": {
                        "PASSED": 1,
                        "FAILED": 0,
                        "FAILED_WITH_WAIVER": 0,
                        "ABORTED": 0,
                        "SKIPPED": 0,
                        "WARNINGS": 0,
                        "waiver_reason": ""
                    }
                },
                {
                    "sub_Test_Number": "27",
                    "sub_Test_Description": "/axi/dma-controller@ffaf0000",
                    "sub_test_result": {
                        "PASSED": 1,
                        "FAILED": 0,
                        "FAILED_WITH_WAIVER": 0,
                        "ABORTED": 0,
                        "SKIPPED": 0,
                        "WARNINGS": 0,
                        "waiver_reason": ""
                    }
                },
                {
                    "sub_Test_Number": "28",
                    "sub_Test_Description": "/axi/dp-aud@fd4ac000",
                    "sub_test_result": {
                        "PASSED": 0,
                        "FAILED": 0,
                        "FAILED_WITH_WAIVER": 0,
                        "ABORTED": 0,
                        "SKIPPED": 1,
                        "WARNINGS": 0,
                        "waiver_reason": ""
                    }
                },
                {
                    "sub_Test_Number": "29",
                    "sub_Test_Description": "/axi/ethernet@ff0e0000",
                    "sub_test_result": {
                        "PASSED": 1,
                        "FAILED": 0,
                        "FAILED_WITH_WAIVER": 0,
                        "ABORTED": 0,
                        "SKIPPED": 0,
                        "WARNINGS": 0,
                        "waiver_reason": ""
                    }
                },
                {
                    "sub_Test_Number": "30",
                    "sub_Test_Description": "/axi/ethernet@ff0e0000/mdio/ethernet-phy@1",
                    "sub_test_result": {
                        "PASSED": 1,
                        "FAILED": 0,
                        "FAILED_WITH_WAIVER": 0,
                        "ABORTED": 0,
                        "SKIPPED": 0,
                        "WARNINGS": 0,
                        "waiver_reason": ""
                    }
                },
                {
                    "sub_Test_Number": "31",
                    "sub_Test_Description": "/axi/gpio@ff0a0000",
                    "sub_test_result": {
                        "PASSED": 1,
                        "FAILED": 0,
                        "FAILED_WITH_WAIVER": 0,
                        "ABORTED": 0,
                        "SKIPPED": 0,
                        "WARNINGS": 0,
                        "waiver_reason": ""
                    }
                },
                {
                    "sub_Test_Number": "32",
                    "sub_Test_Description": "/axi/gpu@fd4b0000",
                    "sub_test_result": {
                        "PASSED": 1,
                        "FAILED": 0,
                        "FAILED_WITH_WAIVER": 0,
                        "ABORTED": 0,
                        "SKIPPED": 0,
                        "WARNINGS": 0,
                        "waiver_reason": ""
                    }
                },
                {
                    "sub_Test_Number": "33",
                    "sub_Test_Description": "/axi/i2c@ff030000",
                    "sub_test_result": {
                        "PASSED": 1,
                        "FAILED": 0,
                        "FAILED_WITH_WAIVER": 0,
                        "ABORTED": 0,
                        "SKIPPED": 0,
                        "WARNINGS": 0,
                        "waiver_reason": ""
                    }
                },
                {
                    "sub_Test_Number": "34",
                    "sub_Test_Description": "/axi/i2c@ff030000/eeprom@50",
                    "sub_test_result": {
                        "PASSED": 1,
                        "FAILED": 0,
                        "FAILED_WITH_WAIVER": 0,
                        "ABORTED": 0,
                        "SKIPPED": 0,
                        "WARNINGS": 0,
                        "waiver_reason": ""
                    }
                },
                {
                    "sub_Test_Number": "35",
                    "sub_Test_Description": "/axi/i2c@ff030000/eeprom@51",
                    "sub_test_result": {
                        "PASSED": 1,
                        "FAILED": 0,
                        "FAILED_WITH_WAIVER": 0,
                        "ABORTED": 0,
                        "SKIPPED": 0,
                        "WARNINGS": 0,
                        "waiver_reason": ""
                    }
                },
                {
                    "sub_Test_Number": "36",
                    "sub_Test_Description": "/axi/i2c@ff030000/ina260@40",
                    "sub_test_result": {
                        "PASSED": 1,
                        "FAILED": 0,
                        "FAILED_WITH_WAIVER": 0,
                        "ABORTED": 0,
                        "SKIPPED": 0,
                        "WARNINGS": 0,
                        "waiver_reason": ""
                    }
                },
                {
                    "sub_Test_Number": "37",
                    "sub_Test_Description": "/axi/i2c@ff030000/pmic@32",
                    "sub_test_result": {
                        "PASSED": 0,
                        "FAILED": 1,
                        "FAILED_WITH_WAIVER": 0,
                        "ABORTED": 0,
                        "SKIPPED": 0,
                        "WARNINGS": 0,
                        "waiver_reason": ""
                    }
                },
                {
                    "sub_Test_Number": "38",
                    "sub_Test_Description": "/axi/i2c@ff030000/pmic@33",
                    "sub_test_result": {
                        "PASSED": 0,
                        "FAILED": 1,
                        "FAILED_WITH_WAIVER": 0,
                        "ABORTED": 0,
                        "SKIPPED": 0,
                        "WARNINGS": 0,
                        "waiver_reason": ""
                    }
                },
                {
                    "sub_Test_Number": "39",
                    "sub_Test_Description": "/axi/i2c@ff030000/usb-hub@2d",
                    "sub_test_result": {
                        "PASSED": 0,
                        "FAILED": 0,
                        "FAILED_WITH_WAIVER": 0,
                        "ABORTED": 0,
                        "SKIPPED": 1,
                        "WARNINGS": 0,
                        "waiver_reason": ""
                    }
                },
                {
                    "sub_Test_Number": "40",
                    "sub_Test_Description": "/axi/interrupt-controller@f9010000",
                    "sub_test_result": {
                        "PASSED": 0,
                        "FAILED": 0,
                        "FAILED_WITH_WAIVER": 0,
                        "ABORTED": 0,
                        "SKIPPED": 1,
                        "WARNINGS": 0,
                        "waiver_reason": ""
                    }
                },
                {
                    "sub_Test_Number": "41",
                    "sub_Test_Description": "/axi/memory-controller@fd070000",
                    "sub_test_result": {
                        "PASSED": 0,
                        "FAILED": 1,
                        "FAILED_WITH_WAIVER": 0,
                        "ABORTED": 0,
                        "SKIPPED": 0,
                        "WARNINGS": 0,
                        "waiver_reason": ""
                    }
                },
                {
                    "sub_Test_Number": "42",
                    "sub_Test_Description": "/axi/memory-controller@ff960000",
                    "sub_test_result": {
                        "PASSED": 1,
                        "FAILED": 0,
                        "FAILED_WITH_WAIVER": 0,
                        "ABORTED": 0,
                        "SKIPPED": 0,
                        "WARNINGS": 0,
                        "waiver_reason": ""
                    }
                },
                {
                    "sub_Test_Number": "43",
                    "sub_Test_Description": "/axi/mmc@ff170000",
                    "sub_test_result": {
                        "PASSED": 1,
                        "FAILED": 0,
                        "FAILED_WITH_WAIVER": 0,
                        "ABORTED": 0,
                        "SKIPPED": 0,
                        "WARNINGS": 0,
                        "waiver_reason": ""
                    }
                },
                {
                    "sub_Test_Number": "44",
                    "sub_Test_Description": "/axi/perf-monitor@fd0b0000",
                    "sub_test_result": {
                        "PASSED": 0,
                        "FAILED": 0,
                        "FAILED_WITH_WAIVER": 0,
                        "ABORTED": 0,
                        "SKIPPED": 1,
                        "WARNINGS": 0,
                        "waiver_reason": ""
                    }
                },
                {
                    "sub_Test_Number": "45",
                    "sub_Test_Description": "/axi/perf-monitor@fd490000",
                    "sub_test_result": {
                        "PASSED": 0,
                        "FAILED": 0,
                        "FAILED_WITH_WAIVER": 0,
                        "ABORTED": 0,
                        "SKIPPED": 1,
                        "WARNINGS": 0,
                        "waiver_reason": ""
                    }
                },
                {
                    "sub_Test_Number": "46",
                    "sub_Test_Description": "/axi/perf-monitor@ffa00000",
                    "sub_test_result": {
                        "PASSED": 0,
                        "FAILED": 0,
                        "FAILED_WITH_WAIVER": 0,
                        "ABORTED": 0,
                        "SKIPPED": 1,
                        "WARNINGS": 0,
                        "waiver_reason": ""
                    }
                },
                {
                    "sub_Test_Number": "47",
                    "sub_Test_Description": "/axi/perf-monitor@ffa10000",
                    "sub_test_result": {
                        "PASSED": 0,
                        "FAILED": 0,
                        "FAILED_WITH_WAIVER": 0,
                        "ABORTED": 0,
                        "SKIPPED": 1,
                        "WARNINGS": 0,
                        "waiver_reason": ""
                    }
                },
                {
                    "sub_Test_Number": "48",
                    "sub_Test_Description": "/axi/phy@fd400000",
                    "sub_test_result": {
                        "PASSED": 1,
                        "FAILED": 0,
                        "FAILED_WITH_WAIVER": 0,
                        "ABORTED": 0,
                        "SKIPPED": 0,
                        "WARNINGS": 0,
                        "waiver_reason": ""
                    }
                },
                {
                    "sub_Test_Number": "49",
                    "sub_Test_Description": "/axi/rtc@ffa60000",
                    "sub_test_result": {
                        "PASSED": 1,
                        "FAILED": 0,
                        "FAILED_WITH_WAIVER": 0,
                        "ABORTED": 0,
                        "SKIPPED": 0,
                        "WARNINGS": 0,
                        "waiver_reason": ""
                    }
                },
                {
                    "sub_Test_Number": "50",
                    "sub_Test_Description": "/axi/serial@ff010000",
                    "sub_test_result": {
                        "PASSED": 1,
                        "FAILED": 0,
                        "FAILED_WITH_WAIVER": 0,
                        "ABORTED": 0,
                        "SKIPPED": 0,
                        "WARNINGS": 0,
                        "waiver_reason": ""
                    }
                },
                {
                    "sub_Test_Number": "51",
                    "sub_Test_Description": "/axi/spi@ff050000",
                    "sub_test_result": {
                        "PASSED": 1,
                        "FAILED": 0,
                        "FAILED_WITH_WAIVER": 0,
                        "ABORTED": 0,
                        "SKIPPED": 0,
                        "WARNINGS": 0,
                        "waiver_reason": ""
                    }
                },
                {
                    "sub_Test_Number": "52",
                    "sub_Test_Description": "/axi/spi@ff050000/tpm@0",
                    "sub_test_result": {
                        "PASSED": 1,
                        "FAILED": 0,
                        "FAILED_WITH_WAIVER": 0,
                        "ABORTED": 0,
                        "SKIPPED": 0,
                        "WARNINGS": 0,
                        "waiver_reason": ""
                    }
                },
                {
                    "sub_Test_Number": "53",
                    "sub_Test_Description": "/axi/spi@ff0f0000",
                    "sub_test_result": {
                        "PASSED": 1,
                        "FAILED": 0,
                        "FAILED_WITH_WAIVER": 0,
                        "ABORTED": 0,
                        "SKIPPED": 0,
                        "WARNINGS": 0,
                        "waiver_reason": ""
                    }
                },
                {
                    "sub_Test_Number": "54",
                    "sub_Test_Description": "/axi/spi@ff0f0000/flash@0",
                    "sub_test_result": {
                        "PASSED": 1,
                        "FAILED": 0,
                        "FAILED_WITH_WAIVER": 0,
                        "ABORTED": 0,
                        "SKIPPED": 0,
                        "WARNINGS": 0,
                        "waiver_reason": ""
                    }
                },
                {
                    "sub_Test_Number": "55",
                    "sub_Test_Description": "/axi/spi@ff0f0000/flash@0/partitions",
                    "sub_test_result": {
                        "PASSED": 0,
                        "FAILED": 1,
                        "FAILED_WITH_WAIVER": 0,
                        "ABORTED": 0,
                        "SKIPPED": 0,
                        "WARNINGS": 0,
                        "waiver_reason": ""
                    }
                },
                {
                    "sub_Test_Number": "56",
                    "sub_Test_Description": "/axi/timer@ff110000",
                    "sub_test_result": {
                        "PASSED": 0,
                        "FAILED": 1,
                        "FAILED_WITH_WAIVER": 0,
                        "ABORTED": 0,
                        "SKIPPED": 0,
                        "WARNINGS": 0,
                        "waiver_reason": ""
                    }
                },
                {
                    "sub_Test_Number": "57",
                    "sub_Test_Description": "/axi/usb@ff9d0000",
                    "sub_test_result": {
                        "PASSED": 1,
                        "FAILED": 0,
                        "FAILED_WITH_WAIVER": 0,
                        "ABORTED": 0,
                        "SKIPPED": 0,
                        "WARNINGS": 0,
                        "waiver_reason": ""
                    }
                },
                {
                    "sub_Test_Number": "58",
                    "sub_Test_Description": "/axi/usb@ff9d0000/usb@fe200000",
                    "sub_test_result": {
                        "PASSED": 1,
                        "FAILED": 0,
                        "FAILED_WITH_WAIVER": 0,
                        "ABORTED": 0,
                        "SKIPPED": 0,
                        "WARNINGS": 0,
                        "waiver_reason": ""
                    }
                },
                {
                    "sub_Test_Number": "59",
                    "sub_Test_Description": "/axi/usb@ff9d0000/usb@fe200000/hub@1",
                    "sub_test_result": {
                        "PASSED": 1,
                        "FAILED": 0,
                        "FAILED_WITH_WAIVER": 0,
                        "ABORTED": 0,
                        "SKIPPED": 0,
                        "WARNINGS": 0,
                        "waiver_reason": ""
                    }
                },
                {
                    "sub_Test_Number": "60",
                    "sub_Test_Description": "/axi/usb@ff9d0000/usb@fe200000/hub@2",
                    "sub_test_result": {
                        "PASSED": 1,
                        "FAILED": 0,
                        "FAILED_WITH_WAIVER": 0,
                        "ABORTED": 0,
                        "SKIPPED": 0,
                        "WARNINGS": 0,
                        "waiver_reason": ""
                    }
                },
                {
                    "sub_Test_Number": "61",
                    "sub_Test_Description": "/axi/watchdog@fd4d0000",
                    "sub_test_result": {
                        "PASSED": 1,
                        "FAILED": 0,
                        "FAILED_WITH_WAIVER": 0,
                        "ABORTED": 0,
                        "SKIPPED": 0,
                        "WARNINGS": 0,
                        "waiver_reason": ""
                    }
                },
                {
                    "sub_Test_Number": "62",
                    "sub_Test_Description": "/axi/watchdog@ff150000",
                    "sub_test_result": {
                        "PASSED": 1,
                        "FAILED": 0,
                        "FAILED_WITH_WAIVER": 0,
                        "ABORTED": 0,
                        "SKIPPED": 0,
                        "WARNINGS": 0,
                        "waiver_reason": ""
                    }
                },
                {
                    "sub_Test_Number": "63",
                    "sub_Test_Description": "/cpus/cpu@0",
                    "sub_test_result": {
                        "PASSED": 0,
                        "FAILED": 0,
                        "FAILED_WITH_WAIVER": 0,
                        "ABORTED": 0,
                        "SKIPPED": 1,
                        "WARNINGS": 0,
                        "waiver_reason": ""
                    }
                },
                {
                    "sub_Test_Number": "64",
                    "sub_Test_Description": "/cpus/cpu@1",
                    "sub_test_result": {
                        "PASSED": 0,
                        "FAILED": 0,
                        "FAILED_WITH_WAIVER": 0,
                        "ABORTED": 0,
                        "SKIPPED": 1,
                        "WARNINGS": 0,
                        "waiver_reason": ""
                    }
                },
                {
                    "sub_Test_Number": "65",
                    "sub_Test_Description": "/cpus/cpu@2",
                    "sub_test_result": {
                        "PASSED": 0,
                        "FAILED": 0,
                        "FAILED_WITH_WAIVER": 0,
                        "ABORTED": 0,
                        "SKIPPED": 1,
                        "WARNINGS": 0,
                        "waiver_reason": ""
                    }
                },
                {
                    "sub_Test_Number": "66",
                    "sub_Test_Description": "/cpus/cpu@3",
                    "sub_test_result": {
                        "PASSED": 0,
                        "FAILED": 0,
                        "FAILED_WITH_WAIVER": 0,
                        "ABORTED": 0,
                        "SKIPPED": 1,
                        "WARNINGS": 0,
                        "waiver_reason": ""
                    }
                },
                {
                    "sub_Test_Number": "67",
                    "sub_Test_Description": "/cpus/idle-states/cpu-sleep-0",
                    "sub_test_result": {
                        "PASSED": 0,
                        "FAILED": 0,
                        "FAILED_WITH_WAIVER": 0,
                        "ABORTED": 0,
                        "SKIPPED": 1,
                        "WARNINGS": 0,
                        "waiver_reason": ""
                    }
                },
                {
                    "sub_Test_Number": "68",
                    "sub_Test_Description": "/cpus/l2-cache",
                    "sub_test_result": {
                        "PASSED": 0,
                        "FAILED": 0,
                        "FAILED_WITH_WAIVER": 0,
                        "ABORTED": 0,
                        "SKIPPED": 1,
                        "WARNINGS": 0,
                        "waiver_reason": ""
                    }
                },
                {
                    "sub_Test_Number": "69",
                    "sub_Test_Description": "/firmware/optee",
                    "sub_test_result": {
                        "PASSED": 0,
                        "FAILED": 1,
                        "FAILED_WITH_WAIVER": 0,
                        "ABORTED": 0,
                        "SKIPPED": 0,
                        "WARNINGS": 0,
                        "waiver_reason": ""
                    }
                },
                {
                    "sub_Test_Number": "70",
                    "sub_Test_Description": "/firmware/zynqmp-firmware",
                    "sub_test_result": {
                        "PASSED": 1,
                        "FAILED": 0,
                        "FAILED_WITH_WAIVER": 0,
                        "ABORTED": 0,
                        "SKIPPED": 0,
                        "WARNINGS": 0,
                        "waiver_reason": ""
                    }
                },
                {
                    "sub_Test_Number": "71",
                    "sub_Test_Description": "/firmware/zynqmp-firmware/clock-controller",
                    "sub_test_result": {
                        "PASSED": 1,
                        "FAILED": 0,
                        "FAILED_WITH_WAIVER": 0,
                        "ABORTED": 0,
                        "SKIPPED": 0,
                        "WARNINGS": 0,
                        "waiver_reason": ""
                    }
                },
                {
                    "sub_Test_Number": "72",
                    "sub_Test_Description": "/firmware/zynqmp-firmware/gpio",
                    "sub_test_result": {
                        "PASSED": 1,
                        "FAILED": 0,
                        "FAILED_WITH_WAIVER": 0,
                        "ABORTED": 0,
                        "SKIPPED": 0,
                        "WARNINGS": 0,
                        "waiver_reason": ""
                    }
                },
                {
                    "sub_Test_Number": "73",
                    "sub_Test_Description": "/firmware/zynqmp-firmware/pcap",
                    "sub_test_result": {
                        "PASSED": 1,
                        "FAILED": 0,
                        "FAILED_WITH_WAIVER": 0,
                        "ABORTED": 0,
                        "SKIPPED": 0,
                        "WARNINGS": 0,
                        "waiver_reason": ""
                    }
                },
                {
                    "sub_Test_Number": "74",
                    "sub_Test_Description": "/firmware/zynqmp-firmware/pinctrl",
                    "sub_test_result": {
                        "PASSED": 1,
                        "FAILED": 0,
                        "FAILED_WITH_WAIVER": 0,
                        "ABORTED": 0,
                        "SKIPPED": 0,
                        "WARNINGS": 0,
                        "waiver_reason": ""
                    }
                },
                {
                    "sub_Test_Number": "75",
                    "sub_Test_Description": "/firmware/zynqmp-firmware/power-management",
                    "sub_test_result": {
                        "PASSED": 1,
                        "FAILED": 0,
                        "FAILED_WITH_WAIVER": 0,
                        "ABORTED": 0,
                        "SKIPPED": 0,
                        "WARNINGS": 0,
                        "waiver_reason": ""
                    }
                },
                {
                    "sub_Test_Number": "76",
                    "sub_Test_Description": "/firmware/zynqmp-firmware/reset-controller",
                    "sub_test_result": {
                        "PASSED": 1,
                        "FAILED": 0,
                        "FAILED_WITH_WAIVER": 0,
                        "ABORTED": 0,
                        "SKIPPED": 0,
                        "WARNINGS": 0,
                        "waiver_reason": ""
                    }
                },
                {
                    "sub_Test_Number": "77",
                    "sub_Test_Description": "/firmware/zynqmp-firmware/soc-nvmem",
                    "sub_test_result": {
                        "PASSED": 1,
                        "FAILED": 0,
                        "FAILED_WITH_WAIVER": 0,
                        "ABORTED": 0,
                        "SKIPPED": 0,
                        "WARNINGS": 0,
                        "waiver_reason": ""
                    }
                },
                {
                    "sub_Test_Number": "78",
                    "sub_Test_Description": "/firmware/zynqmp-firmware/soc-nvmem/nvmem-layout",
                    "sub_test_result": {
                        "PASSED": 0,
                        "FAILED": 0,
                        "FAILED_WITH_WAIVER": 0,
                        "ABORTED": 0,
                        "SKIPPED": 1,
                        "WARNINGS": 0,
                        "waiver_reason": ""
                    }
                },
                {
                    "sub_Test_Number": "79",
                    "sub_Test_Description": "/fpga-region",
                    "sub_test_result": {
                        "PASSED": 1,
                        "FAILED": 0,
                        "FAILED_WITH_WAIVER": 0,
                        "ABORTED": 0,
                        "SKIPPED": 0,
                        "WARNINGS": 0,
                        "waiver_reason": ""
                    }
                },
                {
                    "sub_Test_Number": "80",
                    "sub_Test_Description": "/gpio-keys",
                    "sub_test_result": {
                        "PASSED": 1,
                        "FAILED": 0,
                        "FAILED_WITH_WAIVER": 0,
                        "ABORTED": 0,
                        "SKIPPED": 0,
                        "WARNINGS": 0,
                        "waiver_reason": ""
                    }
                },
                {
                    "sub_Test_Number": "81",
                    "sub_Test_Description": "/gt_crx_ref_clk",
                    "sub_test_result": {
                        "PASSED": 0,
                        "FAILED": 0,
                        "FAILED_WITH_WAIVER": 0,
                        "ABORTED": 0,
                        "SKIPPED": 1,
                        "WARNINGS": 0,
                        "waiver_reason": ""
                    }
                },
                {
                    "sub_Test_Number": "82",
                    "sub_Test_Description": "/ina260-u14",
                    "sub_test_result": {
                        "PASSED": 0,
                        "FAILED": 1,
                        "FAILED_WITH_WAIVER": 0,
                        "ABORTED": 0,
                        "SKIPPED": 0,
                        "WARNINGS": 0,
                        "waiver_reason": ""
                    }
                },
                {
                    "sub_Test_Number": "83",
                    "sub_Test_Description": "/leds",
                    "sub_test_result": {
                        "PASSED": 1,
                        "FAILED": 0,
                        "FAILED_WITH_WAIVER": 0,
                        "ABORTED": 0,
                        "SKIPPED": 0,
                        "WARNINGS": 0,
                        "waiver_reason": ""
                    }
                },
                {
                    "sub_Test_Number": "84",
                    "sub_Test_Description": "/opp-table-cpu",
                    "sub_test_result": {
                        "PASSED": 0,
                        "FAILED": 0,
                        "FAILED_WITH_WAIVER": 0,
                        "ABORTED": 0,
                        "SKIPPED": 1,
                        "WARNINGS": 0,
                        "waiver_reason": ""
                    }
                },
                {
                    "sub_Test_Number": "85",
                    "sub_Test_Description": "/options/u-boot",
                    "sub_test_result": {
                        "PASSED": 0,
                        "FAILED": 0,
                        "FAILED_WITH_WAIVER": 0,
                        "ABORTED": 0,
                        "SKIPPED": 1,
                        "WARNINGS": 0,
                        "waiver_reason": ""
                    }
                },
                {
                    "sub_Test_Number": "86",
                    "sub_Test_Description": "/pmu",
                    "sub_test_result": {
                        "PASSED": 1,
                        "FAILED": 0,
                        "FAILED_WITH_WAIVER": 0,
                        "ABORTED": 0,
                        "SKIPPED": 0,
                        "WARNINGS": 0,
                        "waiver_reason": ""
                    }
                },
                {
                    "sub_Test_Number": "87",
                    "sub_Test_Description": "/psci",
                    "sub_test_result": {
                        "PASSED": 0,
                        "FAILED": 0,
                        "FAILED_WITH_WAIVER": 0,
                        "ABORTED": 0,
                        "SKIPPED": 1,
                        "WARNINGS": 0,
                        "waiver_reason": ""
                    }
                },
                {
                    "sub_Test_Number": "88",
                    "sub_Test_Description": "/pss_alt_ref_clk",
                    "sub_test_result": {
                        "PASSED": 0,
                        "FAILED": 0,
                        "FAILED_WITH_WAIVER": 0,
                        "ABORTED": 0,
                        "SKIPPED": 1,
                        "WARNINGS": 0,
                        "waiver_reason": ""
                    }
                },
                {
                    "sub_Test_Number": "89",
                    "sub_Test_Description": "/pss_ref_clk",
                    "sub_test_result": {
                        "PASSED": 0,
                        "FAILED": 0,
                        "FAILED_WITH_WAIVER": 0,
                        "ABORTED": 0,
                        "SKIPPED": 1,
                        "WARNINGS": 0,
                        "waiver_reason": ""
                    }
                },
                {
                    "sub_Test_Number": "90",
                    "sub_Test_Description": "/pwm-fan",
                    "sub_test_result": {
                        "PASSED": 0,
                        "FAILED": 1,
                        "FAILED_WITH_WAIVER": 0,
                        "ABORTED": 0,
                        "SKIPPED": 0,
                        "WARNINGS": 0,
                        "waiver_reason": ""
                    }
                },
                {
                    "sub_Test_Number": "91",
                    "sub_Test_Description": "/si5332-0",
                    "sub_test_result": {
                        "PASSED": 0,
                        "FAILED": 0,
                        "FAILED_WITH_WAIVER": 0,
                        "ABORTED": 0,
                        "SKIPPED": 1,
                        "WARNINGS": 0,
                        "waiver_reason": ""
                    }
                },
                {
                    "sub_Test_Number": "92",
                    "sub_Test_Description": "/si5332-1",
                    "sub_test_result": {
                        "PASSED": 0,
                        "FAILED": 0,
                        "FAILED_WITH_WAIVER": 0,
                        "ABORTED": 0,
                        "SKIPPED": 1,
                        "WARNINGS": 0,
                        "waiver_reason": ""
                    }
                },
                {
                    "sub_Test_Number": "93",
                    "sub_Test_Description": "/si5332-2",
                    "sub_test_result": {
                        "PASSED": 0,
                        "FAILED": 0,
                        "FAILED_WITH_WAIVER": 0,
                        "ABORTED": 0,
                        "SKIPPED": 1,
                        "WARNINGS": 0,
                        "waiver_reason": ""
                    }
                },
                {
                    "sub_Test_Number": "94",
                    "sub_Test_Description": "/si5332-3",
                    "sub_test_result": {
                        "PASSED": 0,
                        "FAILED": 0,
                        "FAILED_WITH_WAIVER": 0,
                        "ABORTED": 0,
                        "SKIPPED": 1,
                        "WARNINGS": 0,
                        "waiver_reason": ""
                    }
                },
                {
                    "sub_Test_Number": "95",
                    "sub_Test_Description": "/si5332-4",
                    "sub_test_result": {
                        "PASSED": 0,
                        "FAILED": 0,
                        "FAILED_WITH_WAIVER": 0,
                        "ABORTED": 0,
                        "SKIPPED": 1,
                        "WARNINGS": 0,
                        "waiver_reason": ""
                    }
                },
                {
                    "sub_Test_Number": "96",
                    "sub_Test_Description": "/si5332-5",
                    "sub_test_result": {
                        "PASSED": 0,
                        "FAILED": 0,
                        "FAILED_WITH_WAIVER": 0,
                        "ABORTED": 0,
                        "SKIPPED": 1,
                        "WARNINGS": 0,
                        "waiver_reason": ""
                    }
                },
                {
                    "sub_Test_Number": "97",
                    "sub_Test_Description": "/timer",
                    "sub_test_result": {
                        "PASSED": 0,
                        "FAILED": 0,
                        "FAILED_WITH_WAIVER": 0,
                        "ABORTED": 0,
                        "SKIPPED": 1,
                        "WARNINGS": 0,
                        "waiver_reason": ""
                    }
                },
                {
                    "sub_Test_Number": "98",
                    "sub_Test_Description": "/video_clk",
                    "sub_test_result": {
                        "PASSED": 0,
                        "FAILED": 0,
                        "FAILED_WITH_WAIVER": 0,
                        "ABORTED": 0,
                        "SKIPPED": 1,
                        "WARNINGS": 0,
                        "waiver_reason": ""
                    }
                },
                {
                    "sub_Test_Number": "99",
                    "sub_Test_Description": "/zynqmp-ipi",
                    "sub_test_result": {
                        "PASSED": 1,
                        "FAILED": 0,
                        "FAILED_WITH_WAIVER": 0,
                        "ABORTED": 0,
                        "SKIPPED": 0,
                        "WARNINGS": 0,
                        "waiver_reason": ""
                    }
                },
                {
                    "sub_Test_Number": "100",
                    "sub_Test_Description": "/zynqmp-ipi/mailbox@ff9905c0",
                    "sub_test_result": {
                        "PASSED": 0,
                        "FAILED": 0,
                        "FAILED_WITH_WAIVER": 0,
                        "ABORTED": 0,
                        "SKIPPED": 1,
                        "WARNINGS": 0,
                        "waiver_reason": ""
                    }
                }
            ],
            "test_suite_summary": {
                "total_passed": 55,
                "total_failed": 9,
                "total_skipped": 36,
                "total_aborted": 0,
                "total_warnings": 0,
                "total_failed_with_waivers": 0
            }
        }
    ],
    "suite_summary": {
        "total_passed": 55,
        "total_failed": 9,
        "total_skipped": 36,
        "total_aborted": 0,
        "total_warnings": 0,
        "total_failed_with_waivers": 0
    }
}