{
    "test_results": [
        {
            "Test_suite": "PSCI",
            "Test_suite_description": "PSCI version check",
            "Test_case": "psci_check",
            "Test_case_description": "PSCI compliance",
            "subtests": [
                {
                    "sub_Test_Number": "1",
                    "sub_Test_Description": "PSCI version checker(1.0 or above)",
                    "sub_test_result": {
                        "PASSED": 1,
                        "FAILED": 0,
                        "FAILED_WITH_WAIVER": 0,
                        "ABORTED": 0,
                        "SKIPPED": 0,
                        "WARNINGS": 0,
                        "pass_reasons": [
                            "PSCI version 1.1 >= 1.0"
                        ],
                        "waiver_reason": ""
                    }
                }
            ],
            "test_suite_summary": {
                "total_passed": 1,
                "total_failed": 0,
                "total_skipped": 0,
                "total_aborted": 0,
                "total_warnings": 0,
                "total_failed_with_waiver": 0,
                "total_ignored": 0
            }
        }
    ],
    "suite_summary": {
        "total_passed": 1,
        "total_failed": 0,
        "total_skipped": 0,
        "total_aborted": 0,
        "total_warnings": 0,
        "total_failed_with_waiver": 0,
        "total_ignored": 0
    }
}